date;value;year;month;day;week;startDate;endDate;weekOrder
2018-11-01 00:00:00;11.02;2018;11;1;0;-;-;0
2018-11-02 00:00:00;10.89;2018;11;2;0;-;-;0
2018-11-03 00:00:00;11.09;2018;11;3;0;-;-;0
2018-11-04 00:00:00;11.03;2018;11;4;0;-;-;0
2018-11-05 00:00:00;10.84;2018;11;5;1;2018 11 5;2018 11 11;1
2018-11-06 00:00:00;11.02;2018;11;6;1;-;-;1
2018-11-07 00:00:00;10.96;2018;11;7;1;-;-;1
2018-11-08 00:00:00;11.11;2018;11;8;1;-;-;1
2018-11-09 00:00:00;10.99;2018;11;9;1;-;-;1
2018-11-10 00:00:00;10.78;2018;11;10;1;-;-;1
2018-11-11 00:00:00;10.73;2018;11;11;1;-;-;1
2018-11-12 00:00:00;10.94;2018;11;12;2;2018 11 12;2018 11 18;2
2018-11-13 00:00:00;11.24;2018;11;13;2;-;-;2
2018-11-14 00:00:00;11.03;2018;11;14;2;-;-;2
2018-11-15 00:00:00;10.75;2018;11;15;2;-;-;2
2018-11-16 00:00:00;10.73;2018;11;16;2;-;-;2
2018-11-17 00:00:00;10.53;2018;11;17;2;-;-;2
2018-11-18 00:00:00;10.62;2018;11;18;2;-;-;2
2018-11-19 00:00:00;10.45;2018;11;19;3;2018 11 19;2018 11 25;3
2018-11-20 00:00:00;10.68;2018;11;20;3;-;-;3
2018-11-21 00:00:00;11.27;2018;11;21;3;-;-;3
2018-11-22 00:00:00;11.34;2018;11;22;3;-;-;3
2018-11-23 00:00:00;11.43;2018;11;23;3;-;-;3
2018-11-24 00:00:00;11.43;2018;11;24;3;-;-;3
2018-11-25 00:00:00;11.54;2018;11;25;3;-;-;3
2018-11-26 00:00:00;11.58;2018;11;26;4;2018 11 26;2018 12 1;4
2018-11-27 00:00:00;11.69;2018;11;27;4;-;-;4
2018-11-28 00:00:00;11.61;2018;11;28;4;-;-;4
2018-11-29 00:00:00;11.56;2018;11;29;4;-;-;4
2018-11-30 00:00:00;11.37;2018;11;30;4;-;-;4
2018-11-31 00:00:00;11.34;2018;11;31;4;-;-;4
2018-12-01 00:00:00;11.32;2018;12;1;4;-;-;4
2018-12-02 00:00:00;11.23;2018;12;2;5;2018 12 2;2018 12 8;1
2018-12-03 00:00:00;11.04;2018;12;3;5;-;-;1
2018-12-04 00:00:00;11.07;2018;12;4;5;-;-;1
2018-12-05 00:00:00;11.3;2018;12;5;5;-;-;1
2018-12-06 00:00:00;11.36;2018;12;6;5;-;-;1
2018-12-07 00:00:00;11.71;2018;12;7;5;-;-;1
2018-12-08 00:00:00;11.67;2018;12;8;5;-;-;1
2018-12-09 00:00:00;11.66;2018;12;9;6;2018 12 9;2018 12 15;2
2018-12-10 00:00:00;11.87;2018;12;10;6;-;-;2
2018-12-11 00:00:00;11.71;2018;12;11;6;-;-;2
2018-12-12 00:00:00;11.54;2018;12;12;6;-;-;2
2018-12-13 00:00:00;11.37;2018;12;13;6;-;-;2
2018-12-14 00:00:00;11.6;2018;12;14;6;-;-;2
2018-12-15 00:00:00;11.36;2018;12;15;6;-;-;2
2018-12-16 00:00:00;11.42;2018;12;16;7;2018 12 16;2018 12 22;3
2018-12-17 00:00:00;11.68;2018;12;17;7;-;-;3
2018-12-18 00:00:00;11.69;2018;12;18;7;-;-;3
2018-12-19 00:00:00;11.62;2018;12;19;7;-;-;3
2018-12-20 00:00:00;11.5;2018;12;20;7;-;-;3
2018-12-21 00:00:00;11.31;2018;12;21;7;-;-;3
2018-12-22 00:00:00;11.19;2018;12;22;7;-;-;3
2018-12-23 00:00:00;11.32;2018;12;23;8;2018 12 23;2018 12 29;4
2018-12-24 00:00:00;11.68;2018;12;24;8;-;-;4
2018-12-25 00:00:00;11.63;2018;12;25;8;-;-;4
2018-12-26 00:00:00;11.76;2018;12;26;8;-;-;4
2018-12-27 00:00:00;11.79;2018;12;27;8;-;-;4
2018-12-28 00:00:00;11.81;2018;12;28;8;-;-;4
2018-12-29 00:00:00;11.96;2018;12;29;8;-;-;4
2018-12-30 00:00:00;12.11;2018;12;30;9;2018 12 30;2019 1 5;1
2018-12-31 00:00:00;12.13;2018;12;31;9;-;-;1
2019-01-01 00:00:00;12.07;2019;1;1;9;-;-;1
2019-01-02 00:00:00;12.24;2019;1;2;9;-;-;1
2019-01-03 00:00:00;12.28;2019;1;3;9;-;-;1
2019-01-04 00:00:00;12.44;2019;1;4;9;-;-;1
2019-01-05 00:00:00;12.58;2019;1;5;9;-;-;1
2019-01-06 00:00:00;12.7;2019;1;6;10;2019 1 6;2019 1 12;2
2019-01-07 00:00:00;12.69;2019;1;7;10;-;-;2
2019-01-08 00:00:00;12.54;2019;1;8;10;-;-;2
2019-01-09 00:00:00;12.25;2019;1;9;10;-;-;2
2019-01-10 00:00:00;12.21;2019;1;10;10;-;-;2
2019-01-11 00:00:00;12.52;2019;1;11;10;-;-;2
2019-01-12 00:00:00;12.61;2019;1;12;10;-;-;2
2019-01-13 00:00:00;12.65;2019;1;13;11;2019 1 13;2019 1 19;3
2019-01-14 00:00:00;12.52;2019;1;14;11;-;-;3
2019-01-15 00:00:00;12.47;2019;1;15;11;-;-;3
2019-01-16 00:00:00;12.38;2019;1;16;11;-;-;3
2019-01-17 00:00:00;12.13;2019;1;17;11;-;-;3
2019-01-18 00:00:00;12.17;2019;1;18;11;-;-;3
2019-01-19 00:00:00;12.11;2019;1;19;11;-;-;3
2019-01-20 00:00:00;12.15;2019;1;20;12;2019 1 20;2019 1 26;4
2019-01-21 00:00:00;12.06;2019;1;21;12;-;-;4
2019-01-22 00:00:00;12.05;2019;1;22;12;-;-;4
2019-01-23 00:00:00;12.01;2019;1;23;12;-;-;4
2019-01-24 00:00:00;11.82;2019;1;24;12;-;-;4
2019-01-25 00:00:00;11.92;2019;1;25;12;-;-;4
2019-01-26 00:00:00;12.14;2019;1;26;12;-;-;4
2019-01-27 00:00:00;11.92;2019;1;27;13;2019 1 27;2019 2 2;1
2019-01-28 00:00:00;11.88;2019;1;28;13;-;-;1
2019-01-29 00:00:00;11.79;2019;1;29;13;-;-;1
2019-01-30 00:00:00;12.1;2019;1;30;13;-;-;1
2019-01-31 00:00:00;11.83;2019;1;31;13;-;-;1
2019-02-01 00:00:00;11.99;2019;2;1;13;-;-;1
2019-02-02 00:00:00;12.41;2019;2;2;13;-;-;1
2019-02-03 00:00:00;12.31;2019;2;3;14;2019 2 3;2019 2 9;2
2019-02-04 00:00:00;12.29;2019;2;4;14;-;-;2
2019-02-05 00:00:00;12.05;2019;2;5;14;-;-;2
2019-02-06 00:00:00;11.95;2019;2;6;14;-;-;2
2019-02-07 00:00:00;11.78;2019;2;7;14;-;-;2
2019-02-08 00:00:00;11.97;2019;2;8;14;-;-;2
2019-02-09 00:00:00;11.66;2019;2;9;14;-;-;2
2019-02-10 00:00:00;11.6;2019;2;10;15;2019 2 10;2019 2 16;3
2019-02-11 00:00:00;12.04;2019;2;11;15;-;-;3
2019-02-12 00:00:00;12.05;2019;2;12;15;-;-;3
2019-02-13 00:00:00;12.03;2019;2;13;15;-;-;3
2019-02-14 00:00:00;11.95;2019;2;14;15;-;-;3
2019-02-15 00:00:00;11.83;2019;2;15;15;-;-;3
2019-02-16 00:00:00;11.73;2019;2;16;15;-;-;3
2019-02-17 00:00:00;11.7;2019;2;17;16;2019 2 17;2019 2 23;4
2019-02-18 00:00:00;11.6;2019;2;18;16;-;-;4
2019-02-19 00:00:00;11.83;2019;2;19;16;-;-;4
2019-02-20 00:00:00;11.89;2019;2;20;16;-;-;4
2019-02-21 00:00:00;11.82;2019;2;21;16;-;-;4
2019-02-22 00:00:00;11.68;2019;2;22;16;-;-;4
2019-02-23 00:00:00;11.62;2019;2;23;16;-;-;4
2019-2-31 00:00:00;11.32;2019;2;31;18;2019 2 31;2019 3 6;2
2019-03-01 00:00:00;11.28;2019;3;1;18;-;-;2
2019-03-02 00:00:00;11.08;2019;3;2;18;-;-;2
2019-03-03 00:00:00;11.03;2019;3;3;18;-;-;2
2019-03-04 00:00:00;10.96;2019;3;4;18;-;-;2
2019-03-05 00:00:00;11.04;2019;3;5;18;-;-;2
2019-03-06 00:00:00;11.02;2019;3;6;18;-;-;2
2019-03-07 00:00:00;11.49;2019;3;7;19;2019 3 7;2019 3 13;3
2019-03-08 00:00:00;11.31;2019;3;8;19;-;-;3
2019-03-09 00:00:00;11.01;2019;3;9;19;-;-;3
2019-03-10 00:00:00;11.07;2019;3;10;19;-;-;3
2019-03-11 00:00:00;11.11;2019;3;11;19;-;-;3
2019-03-12 00:00:00;11.21;2019;3;12;19;-;-;3
2019-03-13 00:00:00;11.36;2019;3;13;19;-;-;3
2019-03-14 00:00:00;11.54;2019;3;14;20;2019 3 14;2019 3 20;4
2019-03-15 00:00:00;11.46;2019;3;15;20;-;-;4
2019-03-16 00:00:00;11.29;2019;3;16;20;-;-;4
2019-03-17 00:00:00;11.17;2019;3;17;20;-;-;4
2019-03-18 00:00:00;11.54;2019;3;18;20;-;-;4
2019-03-19 00:00:00;11.36;2019;3;19;20;-;-;4
2019-03-20 00:00:00;11.32;2019;3;20;20;-;-;4
2019-03-21 00:00:00;11.28;2019;3;21;21;2019 3 21;2019 3 27;1
2019-03-22 00:00:00;11.35;2019;3;22;21;-;-;1
2019-03-23 00:00:00;11.27;2019;3;23;21;-;-;1
2019-03-24 00:00:00;11.17;2019;3;24;21;-;-;1
2019-03-25 00:00:00;11.12;2019;3;25;21;-;-;1
2019-03-26 00:00:00;11.35;2019;3;26;21;-;-;1
2019-03-27 00:00:00;11.56;2019;3;27;21;-;-;1
2019-03-28 00:00:00;11.24;2019;3;28;22;2019 3 28;2019 4 3;2
2019-03-29 00:00:00;11.08;2019;3;29;22;-;-;2
2019-03-30 00:00:00;10.92;2019;3;30;22;-;-;2
2019-03-31 00:00:00;10.88;2019;3;31;22;-;-;2
2019-04-01 00:00:00;10.82;2019;4;1;22;-;-;2
2019-04-02 00:00:00;10.96;2019;4;2;22;-;-;2
2019-04-03 00:00:00;11.04;2019;4;3;22;-;-;2
2019-04-04 00:00:00;11.53;2019;4;4;23;2019 4 4;2019 4 10;3
2019-04-05 00:00:00;11.46;2019;4;5;23;-;-;3
2019-04-06 00:00:00;11.44;2019;4;6;23;-;-;3
2019-04-07 00:00:00;11.61;2019;4;7;23;-;-;3
2019-04-08 00:00:00;11.47;2019;4;8;23;-;-;3
2019-04-09 00:00:00;11.28;2019;4;9;23;-;-;3
2019-04-10 00:00:00;11.32;2019;4;10;23;-;-;3
2019-04-11 00:00:00;11.45;2019;4;11;24;2019 4 11;2019 4 17;4
2019-04-12 00:00:00;11.35;2019;4;12;24;-;-;4
2019-04-13 00:00:00;11.05;2019;4;13;24;-;-;4
2019-04-14 00:00:00;10.76;2019;4;14;24;-;-;4
2019-04-15 00:00:00;10.8;2019;4;15;24;-;-;4
2019-04-16 00:00:00;11.34;2019;4;16;24;-;-;4
2019-04-17 00:00:00;10.97;2019;4;17;24;-;-;4
2019-04-18 00:00:00;11.03;2019;4;18;25;2019 4 18;2019 4 24;1
2019-04-19 00:00:00;10.98;2019;4;19;25;-;-;1
2019-04-20 00:00:00;10.96;2019;4;20;25;-;-;1
2019-04-21 00:00:00;10.87;2019;4;21;25;-;-;1
2019-04-22 00:00:00;10.89;2019;4;22;25;-;-;1
2019-04-23 00:00:00;10.89;2019;4;23;25;-;-;1
2019-04-24 00:00:00;11.4;2019;4;24;25;-;-;1
2019-04-25 00:00:00;11.61;2019;4;25;26;2019 4 25;2019 4 31;2
2019-04-26 00:00:00;11.57;2019;4;26;26;-;-;2
2019-04-27 00:00:00;11.31;2019;4;27;26;-;-;2
2019-04-28 00:00:00;11.16;2019;4;28;26;-;-;2
2019-04-29 00:00:00;10.88;2019;4;29;26;-;-;2
2019-04-30 00:00:00;10.83;2019;4;30;26;-;-;2
2019-4-31 00:00:00;10.84;2019;4;31;26;-;-;2
2019-05-01 00:00:00;10.85;2019;5;1;27;2019 5 1;2019 5 7;3
2019-05-02 00:00:00;11.12;2019;5;2;27;-;-;3
2019-05-03 00:00:00;11.04;2019;5;3;27;-;-;3
2019-05-04 00:00:00;11.04;2019;5;4;27;-;-;3
2019-05-05 00:00:00;11.02;2019;5;5;27;-;-;3
2019-05-06 00:00:00;10.87;2019;5;6;27;-;-;3
2019-05-07 00:00:00;10.74;2019;5;7;27;-;-;3
2019-05-08 00:00:00;10.84;2019;5;8;28;2019 5 8;2019 5 14;4
2019-05-09 00:00:00;11.28;2019;5;9;28;-;-;4
2019-05-10 00:00:00;10.93;2019;5;10;28;-;-;4
2019-05-11 00:00:00;10.85;2019;5;11;28;-;-;4
2019-05-12 00:00:00;10.79;2019;5;12;28;-;-;4
2019-05-13 00:00:00;10.59;2019;5;13;28;-;-;4
2019-05-14 00:00:00;10.43;2019;5;14;28;-;-;4
2019-05-15 00:00:00;10.26;2019;5;15;29;2019 5 15;2019 5 21;1
2019-05-16 00:00:00;10.42;2019;5;16;29;-;-;1
2019-05-17 00:00:00;10.91;2019;5;17;29;-;-;1
2019-05-18 00:00:00;11.25;2019;5;18;29;-;-;1
2019-05-19 00:00:00;11.27;2019;5;19;29;-;-;1
2019-05-20 00:00:00;11.16;2019;5;20;29;-;-;1
2019-05-21 00:00:00;10.87;2019;5;21;29;-;-;1
2019-05-22 00:00:00;10.59;2019;5;22;30;2019 5 22;2019 5 28;2
2019-05-23 00:00:00;10.48;2019;5;23;30;-;-;2
2019-05-24 00:00:00;10.67;2019;5;24;30;-;-;2
2019-05-25 00:00:00;10.63;2019;5;25;30;-;-;2
2019-05-26 00:00:00;10.42;2019;5;26;30;-;-;2
2019-05-27 00:00:00;10.22;2019;5;27;30;-;-;2
2019-05-28 00:00:00;10.51;2019;5;28;30;-;-;2
2019-05-29 00:00:00;10.54;2019;5;29;31;2019 5 29;2019 6 4;3
2019-05-30 00:00:00;10.27;2019;5;30;31;-;-;3
2019-05-31 00:00:00;10.03;2019;5;31;31;-;-;3
2019-06-01 00:00:00;9.94;2019;6;1;31;-;-;3
2019-06-02 00:00:00;10.02;2019;6;2;31;-;-;3
2019-06-03 00:00:00;9.96;2019;6;3;31;-;-;3
2019-06-04 00:00:00;10.09;2019;6;4;31;-;-;3
2019-06-05 00:00:00;10.49;2019;6;5;32;2019 6 5;2019 6 11;4
2019-06-06 00:00:00;10.74;2019;6;6;32;-;-;4
2019-06-07 00:00:00;10.87;2019;6;7;32;-;-;4
2019-06-08 00:00:00;10.91;2019;6;8;32;-;-;4
2019-06-09 00:00:00;10.64;2019;6;9;32;-;-;4
2019-06-10 00:00:00;10.75;2019;6;10;32;-;-;4
2019-06-11 00:00:00;10.63;2019;6;11;32;-;-;4
2019-06-12 00:00:00;10.81;2019;6;12;33;2019 6 12;2019 6 18;1
2019-06-13 00:00:00;10.72;2019;6;13;33;-;-;1
2019-06-14 00:00:00;10.71;2019;6;14;33;-;-;1
2019-06-15 00:00:00;10.6;2019;6;15;33;-;-;1
2019-06-16 00:00:00;10.47;2019;6;16;33;-;-;1
2019-06-17 00:00:00;10.25;2019;6;17;33;-;-;1
2019-06-18 00:00:00;10.39;2019;6;18;33;-;-;1
2019-06-19 00:00:00;10.3;2019;6;19;34;2019 6 19;2019 6 25;2
2019-06-20 00:00:00;10.39;2019;6;20;34;-;-;2
2019-06-21 00:00:00;10.27;2019;6;21;34;-;-;2
2019-06-22 00:00:00;10.16;2019;6;22;34;-;-;2
2019-06-23 00:00:00;10.06;2019;6;23;34;-;-;2
2019-06-24 00:00:00;10.12;2019;6;24;34;-;-;2
2019-06-25 00:00:00;10.26;2019;6;25;34;-;-;2
2019-06-26 00:00:00;10.03;2019;6;26;35;2019 6 26;2019 7 1;3
2019-06-27 00:00:00;9.7;2019;6;27;35;-;-;3
2019-06-28 00:00:00;9.56;2019;6;28;35;-;-;3
2019-06-29 00:00:00;9.41;2019;6;29;35;-;-;3
2019-06-30 00:00:00;9.37;2019;6;30;35;-;-;3
2019-6-31 00:00:00;9.41;2019;6;31;35;-;-;3
2019-07-01 00:00:00;9.45;2019;7;1;35;-;-;3
2019-07-02 00:00:00;9.59;2019;7;2;36;2019 7 2;2019 7 8;4
2019-07-03 00:00:00;9.63;2019;7;3;36;-;-;4
2019-07-04 00:00:00;9.55;2019;7;4;36;-;-;4
2019-07-05 00:00:00;9.64;2019;7;5;36;-;-;4
2019-07-06 00:00:00;9.71;2019;7;6;36;-;-;4
2019-07-07 00:00:00;9.84;2019;7;7;36;-;-;4
2019-07-08 00:00:00;10.15;2019;7;8;36;-;-;4
2019-07-09 00:00:00;10.61;2019;7;9;37;2019 7 9;2019 7 15;1
2019-07-10 00:00:00;10.65;2019;7;10;37;-;-;1
2019-07-11 00:00:00;10.53;2019;7;11;37;-;-;1
2019-07-12 00:00:00;10.18;2019;7;12;37;-;-;1
2019-07-13 00:00:00;10.57;2019;7;13;37;-;-;1
2019-07-14 00:00:00;10.85;2019;7;14;37;-;-;1
2019-07-15 00:00:00;9.74;2019;7;15;37;-;-;1
2019-07-16 00:00:00;9.85;2019;7;16;38;2019 7 16;2019 7 22;2
2019-07-17 00:00:00;9.65;2019;7;17;38;-;-;2
2019-07-18 00:00:00;9.7;2019;7;18;38;-;-;2
2019-07-19 00:00:00;9.64;2019;7;19;38;-;-;2
2019-07-20 00:00:00;9.5;2019;7;20;38;-;-;2
2019-07-21 00:00:00;9.51;2019;7;21;38;-;-;2
2019-07-22 00:00:00;9.37;2019;7;22;38;-;-;2
2019-07-23 00:00:00;9.28;2019;7;23;39;2019 7 23;2019 7 29;3
2019-07-24 00:00:00;9.28;2019;7;24;39;-;-;3
2019-07-25 00:00:00;9.41;2019;7;25;39;-;-;3
2019-07-26 00:00:00;9.67;2019;7;26;39;-;-;3
2019-07-27 00:00:00;9.9;2019;7;27;39;-;-;3
2019-07-28 00:00:00;10.04;2019;7;28;39;-;-;3
2019-07-29 00:00:00;10.06;2019;7;29;39;-;-;3
2019-07-30 00:00:00;10.37;2019;7;30;40;2019 7 30;2019 8 5;4
2019-07-31 00:00:00;10.41;2019;7;31;40;-;-;4
2019-08-01 00:00:00;10.2;2019;8;1;40;-;-;4
2019-08-02 00:00:00;10.24;2019;8;2;40;-;-;4
2019-08-03 00:00:00;9.69;2019;8;3;40;-;-;4
2019-08-04 00:00:00;9.63;2019;8;4;40;-;-;4
2019-08-05 00:00:00;9.76;2019;8;5;40;-;-;4
2019-08-06 00:00:00;9.97;2019;8;6;41;2019 8 6;2019 8 12;1
2019-08-07 00:00:00;10.07;2019;8;7;41;-;-;1
2019-08-08 00:00:00;10.14;2019;8;8;41;-;-;1
2019-08-09 00:00:00;9.89;2019;8;9;41;-;-;1
2019-08-10 00:00:00;10.07;2019;8;10;41;-;-;1
2019-08-11 00:00:00;10.17;2019;8;11;41;-;-;1
2019-08-12 00:00:00;10.11;2019;8;12;41;-;-;1
2019-08-13 00:00:00;9.83;2019;8;13;42;2019 8 13;2019 8 19;2
2019-08-14 00:00:00;9.71;2019;8;14;42;-;-;2
2019-08-15 00:00:00;9.59;2019;8;15;42;-;-;2
2019-08-16 00:00:00;9.54;2019;8;16;42;-;-;2
2019-08-17 00:00:00;9.47;2019;8;17;42;-;-;2
2019-08-18 00:00:00;9.48;2019;8;18;42;-;-;2
2019-08-19 00:00:00;9.73;2019;8;19;42;-;-;2
2019-08-20 00:00:00;9.73;2019;8;20;43;2019 8 20;2019 8 26;3
2019-08-21 00:00:00;9.62;2019;8;21;43;-;-;3
2019-08-22 00:00:00;9.59;2019;8;22;43;-;-;3
2019-08-23 00:00:00;9.54;2019;8;23;43;-;-;3
2019-08-24 00:00:00;9.48;2019;8;24;43;-;-;3
2019-08-25 00:00:00;9.52;2019;8;25;43;-;-;3
2019-08-26 00:00:00;9.76;2019;8;26;43;-;-;3
2019-08-27 00:00:00;9.83;2019;8;27;44;2019 8 27;2019 9 2;4
2019-08-28 00:00:00;9.96;2019;8;28;44;-;-;4
2019-08-29 00:00:00;9.69;2019;8;29;44;-;-;4
2019-08-30 00:00:00;9.68;2019;8;30;44;-;-;4
2019-08-31 00:00:00;9.74;2019;8;31;44;-;-;4
2019-09-01 00:00:00;9.75;2019;9;1;44;-;-;4
2019-09-02 00:00:00;9.83;2019;9;2;44;-;-;4
2019-09-03 00:00:00;9.69;2019;9;3;45;2019 9 3;2019 9 9;1
2019-09-04 00:00:00;9.67;2019;9;4;45;-;-;1
2019-09-05 00:00:00;9.86;2019;9;5;45;-;-;1
2019-09-06 00:00:00;10.25;2019;9;6;45;-;-;1
2019-09-07 00:00:00;10.23;2019;9;7;45;-;-;1
2019-09-08 00:00:00;10.31;2019;9;8;45;-;-;1
2019-09-09 00:00:00;10.55;2019;9;9;45;-;-;1
2019-09-10 00:00:00;10.88;2019;9;10;46;2019 9 10;2019 9 16;2
2019-09-11 00:00:00;10.77;2019;9;11;46;-;-;2
2019-09-12 00:00:00;10.45;2019;9;12;46;-;-;2
2019-09-13 00:00:00;10.42;2019;9;13;46;-;-;2
2019-09-14 00:00:00;10.33;2019;9;14;46;-;-;2
2019-09-15 00:00:00;10.3;2019;9;15;46;-;-;2
2019-09-16 00:00:00;10.1;2019;9;16;46;-;-;2
2019-09-17 00:00:00;10.17;2019;9;17;47;2019 9 17;2019 9 23;3
2019-09-18 00:00:00;10.44;2019;9;18;47;-;-;3
2019-09-19 00:00:00;10.2;2019;9;19;47;-;-;3
2019-09-20 00:00:00;10.03;2019;9;20;47;-;-;3
2019-09-21 00:00:00;10.11;2019;9;21;47;-;-;3
2019-09-22 00:00:00;10.55;2019;9;22;47;-;-;3
2019-09-23 00:00:00;10.7;2019;9;23;47;-;-;3
2019-09-24 00:00:00;10.62;2019;9;24;48;2019 9 24;2019 9 30;4
2019-09-25 00:00:00;10.38;2019;9;25;48;-;-;4
2019-09-26 00:00:00;10.06;2019;9;26;48;-;-;4
2019-09-27 00:00:00;10.15;2019;9;27;48;-;-;4
2019-09-28 00:00:00;10.22;2019;9;28;48;-;-;4
2019-09-29 00:00:00;10.33;2019;9;29;48;-;-;4
2019-09-30 00:00:00;9.97;2019;9;30;48;-;-;4
2019-9-31 00:00:00;9.89;2019;9;31;49;2019 9 31;2019 10 6;1
2019-10-01 00:00:00;9.81;2019;10;1;49;-;-;1
2019-10-02 00:00:00;10.03;2019;10;2;49;-;-;1
2019-10-03 00:00:00;10.1;2019;10;3;49;-;-;1
2019-10-04 00:00:00;9.82;2019;10;4;49;-;-;1
2019-10-05 00:00:00;9.9;2019;10;5;49;-;-;1
2019-10-06 00:00:00;10.12;2019;10;6;49;-;-;1
2019-10-07 00:00:00;10.21;2019;10;7;50;2019 10 7;2019 10 13;2
2019-10-08 00:00:00;10.18;2019;10;8;50;-;-;2
2019-10-09 00:00:00;10.26;2019;10;9;50;-;-;2
2019-10-10 00:00:00;10.53;2019;10;10;50;-;-;2
2019-10-11 00:00:00;10.44;2019;10;11;50;-;-;2
2019-10-12 00:00:00;10.16;2019;10;12;50;-;-;2
2019-10-13 00:00:00;9.95;2019;10;13;50;-;-;2
2019-10-14 00:00:00;10.15;2019;10;14;51;2019 10 14;2019 10 20;3
2019-10-15 00:00:00;10.7;2019;10;15;51;-;-;3
2019-10-16 00:00:00;10.67;2019;10;16;51;-;-;3
2019-10-17 00:00:00;10.38;2019;10;17;51;-;-;3
2019-10-18 00:00:00;10.4;2019;10;18;51;-;-;3
2019-10-19 00:00:00;10.4;2019;10;19;51;-;-;3
2019-10-20 00:00:00;10.81;2019;10;20;51;-;-;3
2019-10-21 00:00:00;11.0;2019;10;21;52;2019 10 21;2019 10 27;4
2019-10-22 00:00:00;11.06;2019;10;22;52;-;-;4
2019-10-23 00:00:00;10.87;2019;10;23;52;-;-;4
2019-10-24 00:00:00;10.9;2019;10;24;52;-;-;4
2019-10-25 00:00:00;10.67;2019;10;25;52;-;-;4
2019-10-26 00:00:00;10.79;2019;10;26;52;-;-;4
2019-10-27 00:00:00;10.66;2019;10;27;52;-;-;4
2019-10-28 00:00:00;10.52;2019;10;28;53;2019 10 28;2019 11 3;1
2019-10-29 00:00:00;10.37;2019;10;29;53;-;-;1
2019-10-30 00:00:00;10.26;2019;10;30;53;-;-;1
2019-10-31 00:00:00;10.26;2019;10;31;53;-;-;1
2019-11-01 00:00:00;10.12;2019;11;1;53;-;-;1
2019-11-02 00:00:00;10.17;2019;11;2;53;-;-;1
2019-11-03 00:00:00;10.7;2019;11;3;53;-;-;1
2019-11-04 00:00:00;10.66;2019;11;4;54;2019 11 4;2019 11 10;2
2019-11-05 00:00:00;11.13;2019;11;5;54;-;-;2
2019-11-06 00:00:00;11.15;2019;11;6;54;-;-;2
2019-11-07 00:00:00;11.31;2019;11;7;54;-;-;2
2019-11-08 00:00:00;11.6;2019;11;8;54;-;-;2
2019-11-09 00:00:00;11.31;2019;11;9;54;-;-;2
2019-11-10 00:00:00;11.46;2019;11;10;54;-;-;2
2019-11-11 00:00:00;11.24;2019;11;11;55;2019 11 11;2019 11 17;3
2019-11-12 00:00:00;11.29;2019;11;12;55;-;-;3
2019-11-13 00:00:00;11.1;2019;11;13;55;-;-;3
2019-11-14 00:00:00;11.54;2019;11;14;55;-;-;3
2019-11-15 00:00:00;11.75;2019;11;15;55;-;-;3
2019-11-16 00:00:00;11.57;2019;11;16;55;-;-;3
2019-11-17 00:00:00;11.4;2019;11;17;55;-;-;3
2019-11-18 00:00:00;11.45;2019;11;18;56;2019 11 18;2019 11 24;4
2019-11-19 00:00:00;11.53;2019;11;19;56;-;-;4
2019-11-20 00:00:00;11.25;2019;11;20;56;-;-;4
2019-11-21 00:00:00;11.24;2019;11;21;56;-;-;4
2019-11-22 00:00:00;11.16;2019;11;22;56;-;-;4
2019-11-23 00:00:00;11.25;2019;11;23;56;-;-;4
2019-11-24 00:00:00;11.22;2019;11;24;56;-;-;4
2019-11-25 00:00:00;11.07;2019;11;25;57;2019 11 25;2019 11 31;1
2019-11-26 00:00:00;11.15;2019;11;26;57;-;-;1
2019-11-27 00:00:00;11.36;2019;11;27;57;-;-;1
2019-11-28 00:00:00;11.25;2019;11;28;57;-;-;1
2019-11-29 00:00:00;11.42;2019;11;29;57;-;-;1
2019-11-30 00:00:00;11.28;2019;11;30;57;-;-;1
2019-11-31 00:00:00;11.33;2019;11;31;57;-;-;1
2019-12-01 00:00:00;11.38;2019;12;1;58;2019 12 1;2019 12 7;2
2019-12-02 00:00:00;11.58;2019;12;2;58;-;-;2
2019-12-03 00:00:00;11.87;2019;12;3;58;-;-;2
2019-12-04 00:00:00;11.88;2019;12;4;58;-;-;2
2019-12-05 00:00:00;11.74;2019;12;5;58;-;-;2
2019-12-06 00:00:00;11.67;2019;12;6;58;-;-;2
2019-12-07 00:00:00;11.59;2019;12;7;58;-;-;2
2019-12-08 00:00:00;11.33;2019;12;8;59;2019 12 8;2019 12 14;3
2019-12-09 00:00:00;11.77;2019;12;9;59;-;-;3
2019-12-10 00:00:00;11.86;2019;12;10;59;-;-;3
2019-12-11 00:00:00;11.58;2019;12;11;59;-;-;3
2019-12-12 00:00:00;11.45;2019;12;12;59;-;-;3
2019-12-13 00:00:00;11.2;2019;12;13;59;-;-;3
2019-12-14 00:00:00;11.2;2019;12;14;59;-;-;3
2019-12-15 00:00:00;11.08;2019;12;15;60;2019 12 15;2019 12 21;4
2019-12-16 00:00:00;11.1;2019;12;16;60;-;-;4
2019-12-17 00:00:00;11.26;2019;12;17;60;-;-;4
2019-12-18 00:00:00;11.26;2019;12;18;60;-;-;4
2019-12-19 00:00:00;11.09;2019;12;19;60;-;-;4
2019-12-20 00:00:00;11.15;2019;12;20;60;-;-;4
2019-12-21 00:00:00;10.99;2019;12;21;60;-;-;4
2019-12-22 00:00:00;11.14;2019;12;22;61;2019 12 22;2019 12 28;1
2019-12-23 00:00:00;11.21;2019;12;23;61;-;-;1
2019-12-24 00:00:00;11.0;2019;12;24;61;-;-;1
2019-12-25 00:00:00;11.14;2019;12;25;61;-;-;1
2019-12-26 00:00:00;11.33;2019;12;26;61;-;-;1
2019-12-27 00:00:00;11.71;2019;12;27;61;-;-;1
2019-12-28 00:00:00;11.68;2019;12;28;61;-;-;1
2019-12-29 00:00:00;11.62;2019;12;29;62;2019 12 29;2020 1 4;2
2019-12-30 00:00:00;11.64;2019;12;30;62;-;-;2
2019-12-31 00:00:00;11.7;2019;12;31;62;-;-;2
2020-01-01 00:00:00;11.86;2020;1;1;62;-;-;2
2020-01-02 00:00:00;11.81;2020;1;2;62;-;-;2
2020-01-03 00:00:00;11.61;2020;1;3;62;-;-;2
2020-01-04 00:00:00;11.81;2020;1;4;62;-;-;2
2020-01-05 00:00:00;11.9;2020;1;5;63;2020 1 5;2020 1 11;3
2020-01-06 00:00:00;11.88;2020;1;6;63;-;-;3
2020-01-07 00:00:00;11.98;2020;1;7;63;-;-;3
2020-01-08 00:00:00;11.73;2020;1;8;63;-;-;3
2020-01-09 00:00:00;11.35;2020;1;9;63;-;-;3
2020-01-10 00:00:00;11.58;2020;1;10;63;-;-;3
2020-01-11 00:00:00;11.94;2020;1;11;63;-;-;3
2020-01-12 00:00:00;12.07;2020;1;12;64;2020 1 12;2020 1 18;4
2020-01-13 00:00:00;11.89;2020;1;13;64;-;-;4
2020-01-14 00:00:00;11.45;2020;1;14;64;-;-;4
2020-01-15 00:00:00;11.22;2020;1;15;64;-;-;4
2020-01-16 00:00:00;11.2;2020;1;16;64;-;-;4
2020-01-17 00:00:00;11.5;2020;1;17;64;-;-;4
2020-01-18 00:00:00;11.63;2020;1;18;64;-;-;4
2020-01-19 00:00:00;11.82;2020;1;19;65;2020 1 19;2020 1 25;1
2020-01-20 00:00:00;12.22;2020;1;20;65;-;-;1
2020-01-21 00:00:00;12.15;2020;1;21;65;-;-;1
2020-01-22 00:00:00;11.67;2020;1;22;65;-;-;1
2020-01-23 00:00:00;11.74;2020;1;23;65;-;-;1
2020-01-24 00:00:00;11.7;2020;1;24;65;-;-;1
2020-01-25 00:00:00;11.5;2020;1;25;65;-;-;1
2020-01-26 00:00:00;11.85;2020;1;26;66;2020 1 26;2020 2 1;2
2020-01-27 00:00:00;11.49;2020;1;27;66;-;-;2
2020-01-28 00:00:00;11.54;2020;1;28;66;-;-;2
2020-01-29 00:00:00;11.23;2020;1;29;66;-;-;2
2020-01-30 00:00:00;11.07;2020;1;30;66;-;-;2
2020-01-31 00:00:00;10.93;2020;1;31;66;-;-;2
2020-02-01 00:00:00;10.78;2020;2;1;66;-;-;2
2020-02-02 00:00:00;10.75;2020;2;2;67;2020 2 2;2020 2 8;3
2020-02-03 00:00:00;11.05;2020;2;3;67;-;-;3
2020-02-04 00:00:00;11.08;2020;2;4;67;-;-;3
2020-02-05 00:00:00;11.28;2020;2;5;67;-;-;3
2020-02-06 00:00:00;11.42;2020;2;6;67;-;-;3
2020-02-07 00:00:00;11.23;2020;2;7;67;-;-;3
2020-02-08 00:00:00;10.91;2020;2;8;67;-;-;3
2020-02-09 00:00:00;11.08;2020;2;9;68;2020 2 9;2020 2 15;4
2020-02-10 00:00:00;10.77;2020;2;10;68;-;-;4
2020-02-11 00:00:00;10.9;2020;2;11;68;-;-;4
2020-02-12 00:00:00;10.91;2020;2;12;68;-;-;4
2020-02-13 00:00:00;10.68;2020;2;13;68;-;-;4
2020-02-14 00:00:00;10.83;2020;2;14;68;-;-;4
2020-02-15 00:00:00;10.92;2020;2;15;68;-;-;4
2020-02-16 00:00:00;10.82;2020;2;16;69;2020 2 16;2020 2 22;1
2020-02-17 00:00:00;10.71;2020;2;17;69;-;-;1
2020-02-18 00:00:00;11.46;2020;2;18;69;-;-;1
2020-02-19 00:00:00;11.57;2020;2;19;69;-;-;1
2020-02-20 00:00:00;11.46;2020;2;20;69;-;-;1
2020-02-21 00:00:00;11.33;2020;2;21;69;-;-;1
2020-02-22 00:00:00;11.32;2020;2;22;69;-;-;1
2020-02-23 00:00:00;11.25;2020;2;23;70;2020 2 23;2020 2 29;2
2020-02-24 00:00:00;11.19;2020;2;24;70;-;-;2
2020-02-25 00:00:00;10.98;2020;2;25;70;-;-;2
2020-02-26 00:00:00;11.04;2020;2;26;70;-;-;2
2020-02-27 00:00:00;10.93;2020;2;27;70;-;-;2
2020-02-28 00:00:00;10.96;2020;2;28;70;-;-;2
2020-02-29 00:00:00;10.75;2020;2;29;70;-;-;2
2020-03-06 00:00:00;11.69;2020;3;6;72;2020 3 6;2020 3 12;4
2020-03-07 00:00:00;11.48;2020;3;7;72;-;-;4
2020-03-08 00:00:00;11.48;2020;3;8;72;-;-;4
2020-03-09 00:00:00;11.39;2020;3;9;72;-;-;4
2020-03-10 00:00:00;11.29;2020;3;10;72;-;-;4
2020-03-11 00:00:00;11.16;2020;3;11;72;-;-;4
2020-03-12 00:00:00;11.0;2020;3;12;72;-;-;4
2020-03-13 00:00:00;10.91;2020;3;13;73;2020 3 13;2020 3 19;1
2020-03-14 00:00:00;11.35;2020;3;14;73;-;-;1
2020-03-15 00:00:00;11.32;2020;3;15;73;-;-;1
2020-03-16 00:00:00;11.53;2020;3;16;73;-;-;1
2020-03-17 00:00:00;11.51;2020;3;17;73;-;-;1
2020-03-18 00:00:00;11.15;2020;3;18;73;-;-;1
2020-03-19 00:00:00;10.91;2020;3;19;73;-;-;1
2020-03-20 00:00:00;10.91;2020;3;20;74;2020 3 20;2020 3 26;2
2020-03-21 00:00:00;10.82;2020;3;21;74;-;-;2
2020-03-22 00:00:00;10.9;2020;3;22;74;-;-;2
2020-03-23 00:00:00;11.05;2020;3;23;74;-;-;2
2020-03-24 00:00:00;10.86;2020;3;24;74;-;-;2
2020-03-25 00:00:00;10.9;2020;3;25;74;-;-;2
2020-03-26 00:00:00;11.21;2020;3;26;74;-;-;2
2020-04-03 00:00:00;10.99;2020;4;3;76;2020 4 3;2020 4 9;4
2020-04-04 00:00:00;10.95;2020;4;4;76;-;-;4
2020-04-05 00:00:00;10.76;2020;4;5;76;-;-;4
2020-04-06 00:00:00;10.76;2020;4;6;76;-;-;4
2020-04-07 00:00:00;10.74;2020;4;7;76;-;-;4
2020-04-08 00:00:00;10.74;2020;4;8;76;-;-;4
2020-04-09 00:00:00;10.64;2020;4;9;76;-;-;4
2020-04-10 00:00:00;10.66;2020;4;10;77;2020 4 10;2020 4 16;1
2020-04-11 00:00:00;10.56;2020;4;11;77;-;-;1
2020-04-12 00:00:00;10.67;2020;4;12;77;-;-;1
2020-04-13 00:00:00;10.73;2020;4;13;77;-;-;1
2020-04-14 00:00:00;10.75;2020;4;14;77;-;-;1
2020-04-15 00:00:00;10.86;2020;4;15;77;-;-;1
2020-04-16 00:00:00;11.21;2020;4;16;77;-;-;1
2020-04-17 00:00:00;11.25;2020;4;17;78;2020 4 17;2020 4 23;2
2020-04-18 00:00:00;11.27;2020;4;18;78;-;-;2
2020-04-19 00:00:00;11.26;2020;4;19;78;-;-;2
2020-04-20 00:00:00;11.26;2020;4;20;78;-;-;2
2020-04-21 00:00:00;11.07;2020;4;21;78;-;-;2
2020-04-22 00:00:00;11.01;2020;4;22;78;-;-;2
2020-04-23 00:00:00;10.85;2020;4;23;78;-;-;2
2020-04-24 00:00:00;10.76;2020;4;24;79;2020 4 24;2020 4 30;3
2020-04-25 00:00:00;10.63;2020;4;25;79;-;-;3
2020-04-26 00:00:00;10.86;2020;4;26;79;-;-;3
2020-04-27 00:00:00;10.98;2020;4;27;79;-;-;3
2020-04-28 00:00:00;11.14;2020;4;28;79;-;-;3
2020-04-29 00:00:00;11.13;2020;4;29;79;-;-;3
2020-04-30 00:00:00;11.25;2020;4;30;79;-;-;3
2020-4-31 00:00:00;11.16;2020;4;31;80;2020 4 31;2020 5 6;4
2020-05-01 00:00:00;11.07;2020;5;1;80;-;-;4
2020-05-02 00:00:00;10.91;2020;5;2;80;-;-;4
2020-05-03 00:00:00;10.88;2020;5;3;80;-;-;4
2020-05-04 00:00:00;10.71;2020;5;4;80;-;-;4
2020-05-05 00:00:00;11.05;2020;5;5;80;-;-;4
2020-05-06 00:00:00;11.08;2020;5;6;80;-;-;4
2020-05-07 00:00:00;10.66;2020;5;7;81;2020 5 7;2020 5 13;1
2020-05-08 00:00:00;10.3;2020;5;8;81;-;-;1
2020-05-09 00:00:00;10.47;2020;5;9;81;-;-;1
2020-05-10 00:00:00;10.61;2020;5;10;81;-;-;1
2020-05-11 00:00:00;10.76;2020;5;11;81;-;-;1
2020-05-12 00:00:00;10.68;2020;5;12;81;-;-;1
2020-05-13 00:00:00;10.62;2020;5;13;81;-;-;1
2020-05-14 00:00:00;10.69;2020;5;14;82;2020 5 14;2020 5 20;2
2020-05-15 00:00:00;10.79;2020;5;15;82;-;-;2
2020-05-16 00:00:00;10.94;2020;5;16;82;-;-;2
2020-05-17 00:00:00;10.9;2020;5;17;82;-;-;2
2020-05-18 00:00:00;10.65;2020;5;18;82;-;-;2
2020-05-19 00:00:00;10.39;2020;5;19;82;-;-;2
2020-05-20 00:00:00;10.25;2020;5;20;82;-;-;2
2020-05-21 00:00:00;10.18;2020;5;21;83;2020 5 21;2020 5 27;3
2020-05-22 00:00:00;10.1;2020;5;22;83;-;-;3
2020-05-23 00:00:00;10.12;2020;5;23;83;-;-;3
2020-05-24 00:00:00;10.21;2020;5;24;83;-;-;3
2020-05-25 00:00:00;10.08;2020;5;25;83;-;-;3
2020-05-26 00:00:00;10.28;2020;5;26;83;-;-;3
2020-05-27 00:00:00;10.11;2020;5;27;83;-;-;3
2020-05-28 00:00:00;9.99;2020;5;28;84;2020 5 28;2020 6 3;4
2020-05-29 00:00:00;9.96;2020;5;29;84;-;-;4
2020-05-30 00:00:00;10.01;2020;5;30;84;-;-;4
2020-05-31 00:00:00;10.06;2020;5;31;84;-;-;4
2020-06-01 00:00:00;10.12;2020;6;1;84;-;-;4
2020-06-02 00:00:00;10.05;2020;6;2;84;-;-;4
2020-06-03 00:00:00;10.08;2020;6;3;84;-;-;4
2020-06-04 00:00:00;10.38;2020;6;4;85;2020 6 4;2020 6 10;1
2020-06-05 00:00:00;10.65;2020;6;5;85;-;-;1
2020-06-06 00:00:00;10.32;2020;6;6;85;-;-;1
2020-06-07 00:00:00;10.27;2020;6;7;85;-;-;1
2020-06-08 00:00:00;10.6;2020;6;8;85;-;-;1
2020-06-09 00:00:00;10.48;2020;6;9;85;-;-;1
2020-06-10 00:00:00;10.26;2020;6;10;85;-;-;1
2020-06-11 00:00:00;10.09;2020;6;11;86;2020 6 11;2020 6 17;2
2020-06-12 00:00:00;10.46;2020;6;12;86;-;-;2
2020-06-13 00:00:00;10.52;2020;6;13;86;-;-;2
2020-06-14 00:00:00;10.63;2020;6;14;86;-;-;2
2020-06-15 00:00:00;10.52;2020;6;15;86;-;-;2
2020-06-16 00:00:00;10.32;2020;6;16;86;-;-;2
2020-06-17 00:00:00;10.33;2020;6;17;86;-;-;2
2020-06-18 00:00:00;10.36;2020;6;18;87;2020 6 18;2020 6 24;3
2020-06-19 00:00:00;10.26;2020;6;19;87;-;-;3
2020-06-20 00:00:00;10.09;2020;6;20;87;-;-;3
2020-06-21 00:00:00;10.0;2020;6;21;87;-;-;3
2020-06-22 00:00:00;9.88;2020;6;22;87;-;-;3
2020-06-23 00:00:00;9.66;2020;6;23;87;-;-;3
2020-06-24 00:00:00;9.57;2020;6;24;87;-;-;3
2020-06-25 00:00:00;9.68;2020;6;25;88;2020 6 25;2020 6 31;4
2020-06-26 00:00:00;9.6;2020;6;26;88;-;-;4
2020-06-27 00:00:00;9.72;2020;6;27;88;-;-;4
2020-06-28 00:00:00;9.96;2020;6;28;88;-;-;4
2020-06-29 00:00:00;9.89;2020;6;29;88;-;-;4
2020-06-30 00:00:00;9.92;2020;6;30;88;-;-;4
2020-6-31 00:00:00;9.88;2020;6;31;88;-;-;4
2020-07-01 00:00:00;9.84;2020;7;1;89;2020 7 1;2020 7 7;1
2020-07-02 00:00:00;10.11;2020;7;2;89;-;-;1
2020-07-03 00:00:00;10.17;2020;7;3;89;-;-;1
2020-07-04 00:00:00;10.33;2020;7;4;89;-;-;1
2020-07-05 00:00:00;9.8;2020;7;5;89;-;-;1
2020-07-06 00:00:00;9.49;2020;7;6;89;-;-;1
2020-07-07 00:00:00;9.57;2020;7;7;89;-;-;1
2020-07-08 00:00:00;9.32;2020;7;8;90;2020 7 8;2020 7 14;2
2020-07-09 00:00:00;9.26;2020;7;9;90;-;-;2
2020-07-10 00:00:00;9.26;2020;7;10;90;-;-;2
2020-07-11 00:00:00;9.28;2020;7;11;90;-;-;2
2020-07-12 00:00:00;9.16;2020;7;12;90;-;-;2
2020-07-13 00:00:00;9.24;2020;7;13;90;-;-;2
2020-07-14 00:00:00;9.5;2020;7;14;90;-;-;2
2020-07-15 00:00:00;9.64;2020;7;15;91;2020 7 15;2020 7 21;3
2020-07-16 00:00:00;9.52;2020;7;16;91;-;-;3
2020-07-17 00:00:00;9.46;2020;7;17;91;-;-;3
2020-07-18 00:00:00;9.41;2020;7;18;91;-;-;3
2020-07-19 00:00:00;9.27;2020;7;19;91;-;-;3
2020-07-20 00:00:00;9.21;2020;7;20;91;-;-;3
2020-07-21 00:00:00;9.25;2020;7;21;91;-;-;3
2020-07-22 00:00:00;9.28;2020;7;22;92;2020 7 22;2020 7 28;4
2020-07-23 00:00:00;9.3;2020;7;23;92;-;-;4
2020-07-24 00:00:00;9.49;2020;7;24;92;-;-;4
2020-07-25 00:00:00;9.37;2020;7;25;92;-;-;4
2020-07-26 00:00:00;9.36;2020;7;26;92;-;-;4
2020-07-27 00:00:00;9.33;2020;7;27;92;-;-;4
2020-07-28 00:00:00;9.29;2020;7;28;92;-;-;4
2020-07-29 00:00:00;9.33;2020;7;29;93;2020 7 29;2020 8 4;1
2020-07-30 00:00:00;9.24;2020;7;30;93;-;-;1
2020-07-31 00:00:00;9.25;2020;7;31;93;-;-;1
2020-08-01 00:00:00;9.28;2020;8;1;93;-;-;1
2020-08-02 00:00:00;9.45;2020;8;2;93;-;-;1
2020-08-03 00:00:00;9.58;2020;8;3;93;-;-;1
2020-08-04 00:00:00;9.52;2020;8;4;93;-;-;1
2020-08-05 00:00:00;9.4;2020;8;5;94;2020 8 5;2020 8 11;2
2020-08-06 00:00:00;9.26;2020;8;6;94;-;-;2
2020-08-07 00:00:00;9.21;2020;8;7;94;-;-;2
2020-08-08 00:00:00;9.11;2020;8;8;94;-;-;2
2020-08-09 00:00:00;9.05;2020;8;9;94;-;-;2
2020-08-10 00:00:00;9.09;2020;8;10;94;-;-;2
2020-08-11 00:00:00;9.17;2020;8;11;94;-;-;2
2020-08-12 00:00:00;9.48;2020;8;12;95;2020 8 12;2020 8 18;3
2020-08-13 00:00:00;9.78;2020;8;13;95;-;-;3
2020-08-14 00:00:00;9.69;2020;8;14;95;-;-;3
2020-08-15 00:00:00;9.62;2020;8;15;95;-;-;3
2020-08-16 00:00:00;9.81;2020;8;16;95;-;-;3
2020-08-17 00:00:00;9.86;2020;8;17;95;-;-;3
2020-08-18 00:00:00;9.93;2020;8;18;95;-;-;3
2020-08-19 00:00:00;9.77;2020;8;19;96;2020 8 19;2020 8 25;4
2020-08-20 00:00:00;9.48;2020;8;20;96;-;-;4
2020-08-21 00:00:00;9.66;2020;8;21;96;-;-;4
2020-08-22 00:00:00;9.87;2020;8;22;96;-;-;4
2020-08-23 00:00:00;9.9;2020;8;23;96;-;-;4
2020-08-24 00:00:00;9.81;2020;8;24;96;-;-;4
2020-08-25 00:00:00;9.75;2020;8;25;96;-;-;4
2020-08-26 00:00:00;9.67;2020;8;26;97;2020 8 26;2020 9 1;1
2020-08-27 00:00:00;9.44;2020;8;27;97;-;-;1
2020-08-28 00:00:00;9.43;2020;8;28;97;-;-;1
2020-08-29 00:00:00;9.77;2020;8;29;97;-;-;1
2020-08-30 00:00:00;10.04;2020;8;30;97;-;-;1
2020-08-31 00:00:00;10.18;2020;8;31;97;-;-;1
2020-09-01 00:00:00;10.0;2020;9;1;97;-;-;1
2020-09-02 00:00:00;9.86;2020;9;2;98;2020 9 2;2020 9 8;2
2020-09-03 00:00:00;9.82;2020;9;3;98;-;-;2
2020-09-04 00:00:00;9.73;2020;9;4;98;-;-;2
2020-09-05 00:00:00;9.6;2020;9;5;98;-;-;2
2020-09-06 00:00:00;9.59;2020;9;6;98;-;-;2
2020-09-07 00:00:00;9.85;2020;9;7;98;-;-;2
2020-09-08 00:00:00;9.97;2020;9;8;98;-;-;2
2020-09-09 00:00:00;9.98;2020;9;9;99;2020 9 9;2020 9 15;3
2020-09-10 00:00:00;9.85;2020;9;10;99;-;-;3
2020-09-11 00:00:00;9.71;2020;9;11;99;-;-;3
2020-09-12 00:00:00;9.65;2020;9;12;99;-;-;3
2020-09-13 00:00:00;9.66;2020;9;13;99;-;-;3
2020-09-14 00:00:00;9.62;2020;9;14;99;-;-;3
2020-09-15 00:00:00;9.6;2020;9;15;99;-;-;3
2020-09-16 00:00:00;9.69;2020;9;16;100;2020 9 16;2020 9 22;4
2020-09-17 00:00:00;9.6;2020;9;17;100;-;-;4
2020-09-18 00:00:00;9.54;2020;9;18;100;-;-;4
2020-09-19 00:00:00;9.7;2020;9;19;100;-;-;4
2020-09-20 00:00:00;9.85;2020;9;20;100;-;-;4
2020-09-21 00:00:00;9.62;2020;9;21;100;-;-;4
2020-09-22 00:00:00;9.72;2020;9;22;100;-;-;4
2020-09-23 00:00:00;9.73;2020;9;23;101;2020 9 23;2020 9 29;1
2020-09-24 00:00:00;9.95;2020;9;24;101;-;-;1
2020-09-25 00:00:00;10.29;2020;9;25;101;-;-;1
2020-09-26 00:00:00;10.52;2020;9;26;101;-;-;1
2020-09-27 00:00:00;10.36;2020;9;27;101;-;-;1
2020-09-28 00:00:00;10.7;2020;9;28;101;-;-;1
2020-09-29 00:00:00;10.65;2020;9;29;101;-;-;1
2020-09-30 00:00:00;10.55;2020;9;30;102;2020 9 30;2020 10 5;2
2020-9-31 00:00:00;10.48;2020;9;31;102;-;-;2
2020-10-01 00:00:00;10.4;2020;10;1;102;-;-;2
2020-10-02 00:00:00;10.76;2020;10;2;102;-;-;2
2020-10-03 00:00:00;11.53;2020;10;3;102;-;-;2
2020-10-04 00:00:00;11.43;2020;10;4;102;-;-;2
2020-10-05 00:00:00;11.6;2020;10;5;102;-;-;2
2020-10-06 00:00:00;10.86;2020;10;6;103;2020 10 6;2020 10 12;3
2020-10-07 00:00:00;9.74;2020;10;7;103;-;-;3
2020-10-08 00:00:00;9.71;2020;10;8;103;-;-;3
2020-10-09 00:00:00;9.74;2020;10;9;103;-;-;3
2020-10-10 00:00:00;9.83;2020;10;10;103;-;-;3
2020-10-11 00:00:00;10.07;2020;10;11;103;-;-;3
2020-10-12 00:00:00;10.31;2020;10;12;103;-;-;3
2020-10-13 00:00:00;9.98;2020;10;13;104;2020 10 13;2020 10 19;4
2020-10-14 00:00:00;9.98;2020;10;14;104;-;-;4
2020-10-15 00:00:00;10.21;2020;10;15;104;-;-;4
2020-10-16 00:00:00;10.57;2020;10;16;104;-;-;4
2020-10-17 00:00:00;10.65;2020;10;17;104;-;-;4
2020-10-18 00:00:00;10.47;2020;10;18;104;-;-;4
2020-10-19 00:00:00;10.21;2020;10;19;104;-;-;4
2020-10-20 00:00:00;9.99;2020;10;20;105;2020 10 20;2020 10 26;1
2020-10-21 00:00:00;10.0;2020;10;21;105;-;-;1
2020-10-22 00:00:00;10.08;2020;10;22;105;-;-;1
2020-10-23 00:00:00;10.18;2020;10;23;105;-;-;1
2020-10-24 00:00:00;10.23;2020;10;24;105;-;-;1
2020-10-25 00:00:00;10.16;2020;10;25;105;-;-;1
2020-10-26 00:00:00;10.62;2020;10;26;105;-;-;1
2020-10-27 00:00:00;10.48;2020;10;27;106;2020 10 27;2020 11 2;2
2020-10-28 00:00:00;10.31;2020;10;28;106;-;-;2
2020-10-29 00:00:00;10.65;2020;10;29;106;-;-;2
2020-10-30 00:00:00;10.69;2020;10;30;106;-;-;2
2020-10-31 00:00:00;10.48;2020;10;31;106;-;-;2
2020-11-01 00:00:00;10.07;2020;11;1;106;-;-;2
2020-11-02 00:00:00;9.91;2020;11;2;106;-;-;2
2020-11-03 00:00:00;10.4;2020;11;3;107;2020 11 3;2020 11 9;3
2020-11-04 00:00:00;10.91;2020;11;4;107;-;-;3
2020-11-05 00:00:00;10.61;2020;11;5;107;-;-;3
2020-11-06 00:00:00;10.14;2020;11;6;107;-;-;3
2020-11-07 00:00:00;10.02;2020;11;7;107;-;-;3
2020-11-08 00:00:00;10.13;2020;11;8;107;-;-;3
2020-11-09 00:00:00;10.22;2020;11;9;107;-;-;3
2020-11-10 00:00:00;10.66;2020;11;10;108;2020 11 10;2020 11 16;4
2020-11-11 00:00:00;10.92;2020;11;11;108;-;-;4
2020-11-12 00:00:00;10.63;2020;11;12;108;-;-;4
2020-11-13 00:00:00;10.91;2020;11;13;108;-;-;4
2020-11-14 00:00:00;11.1;2020;11;14;108;-;-;4
2020-11-15 00:00:00;10.59;2020;11;15;108;-;-;4
2020-11-16 00:00:00;10.82;2020;11;16;108;-;-;4
2020-11-17 00:00:00;11.25;2020;11;17;109;2020 11 17;2020 11 23;1
2020-11-18 00:00:00;11.01;2020;11;18;109;-;-;1
2020-11-19 00:00:00;10.89;2020;11;19;109;-;-;1
2020-11-20 00:00:00;11.29;2020;11;20;109;-;-;1
2020-11-21 00:00:00;11.38;2020;11;21;109;-;-;1
2020-11-22 00:00:00;11.5;2020;11;22;109;-;-;1
2020-11-23 00:00:00;11.6;2020;11;23;109;-;-;1
2020-11-24 00:00:00;11.47;2020;11;24;110;2020 11 24;2020 11 30;2
2020-11-25 00:00:00;11.09;2020;11;25;110;-;-;2
2020-11-26 00:00:00;10.97;2020;11;26;110;-;-;2
2020-11-27 00:00:00;10.97;2020;11;27;110;-;-;2
2020-11-28 00:00:00;11.02;2020;11;28;110;-;-;2
2020-11-29 00:00:00;11.03;2020;11;29;110;-;-;2
2020-11-30 00:00:00;11.35;2020;11;30;110;-;-;2
2020-11-31 00:00:00;11.5;2020;11;31;111;2020 11 31;2020 12 6;3
2020-12-01 00:00:00;11.66;2020;12;1;111;-;-;3
2020-12-02 00:00:00;11.37;2020;12;2;111;-;-;3
2020-12-03 00:00:00;11.74;2020;12;3;111;-;-;3
2020-12-04 00:00:00;11.78;2020;12;4;111;-;-;3
2020-12-05 00:00:00;12.06;2020;12;5;111;-;-;3
2020-12-06 00:00:00;11.95;2020;12;6;111;-;-;3
2020-12-07 00:00:00;11.66;2020;12;7;112;2020 12 7;2020 12 13;4
2020-12-08 00:00:00;11.81;2020;12;8;112;-;-;4
2020-12-09 00:00:00;11.69;2020;12;9;112;-;-;4
2020-12-10 00:00:00;11.5;2020;12;10;112;-;-;4
2020-12-11 00:00:00;11.34;2020;12;11;112;-;-;4
2020-12-12 00:00:00;11.33;2020;12;12;112;-;-;4
2020-12-13 00:00:00;11.13;2020;12;13;112;-;-;4
2020-12-14 00:00:00;11.05;2020;12;14;113;2020 12 14;2020 12 20;1
2020-12-15 00:00:00;11.32;2020;12;15;113;-;-;1
2020-12-16 00:00:00;11.25;2020;12;16;113;-;-;1
2020-12-17 00:00:00;11.69;2020;12;17;113;-;-;1
2020-12-18 00:00:00;11.35;2020;12;18;113;-;-;1
2020-12-19 00:00:00;11.19;2020;12;19;113;-;-;1
2020-12-20 00:00:00;11.26;2020;12;20;113;-;-;1
2020-12-21 00:00:00;11.09;2020;12;21;114;2020 12 21;2020 12 27;2
2020-12-22 00:00:00;10.91;2020;12;22;114;-;-;2
2020-12-23 00:00:00;11.03;2020;12;23;114;-;-;2
2020-12-24 00:00:00;11.54;2020;12;24;114;-;-;2
2020-12-25 00:00:00;11.71;2020;12;25;114;-;-;2
2020-12-26 00:00:00;12.07;2020;12;26;114;-;-;2
2020-12-27 00:00:00;11.84;2020;12;27;114;-;-;2
2020-12-28 00:00:00;11.64;2020;12;28;115;2020 12 28;2021 1 3;3
2020-12-29 00:00:00;11.79;2020;12;29;115;-;-;3
2020-12-30 00:00:00;11.78;2020;12;30;115;-;-;3
2020-12-31 00:00:00;11.57;2020;12;31;115;-;-;3
2021-01-01 00:00:00;11.77;2021;1;1;115;-;-;3
2021-01-02 00:00:00;11.91;2021;1;2;115;-;-;3
2021-01-03 00:00:00;11.79;2021;1;3;115;-;-;3
2021-01-04 00:00:00;11.82;2021;1;4;116;2021 1 4;2021 1 10;4
2021-01-05 00:00:00;11.94;2021;1;5;116;-;-;4
2021-01-06 00:00:00;12.09;2021;1;6;116;-;-;4
2021-01-07 00:00:00;12.42;2021;1;7;116;-;-;4
2021-01-08 00:00:00;12.54;2021;1;8;116;-;-;4
2021-01-09 00:00:00;12.4;2021;1;9;116;-;-;4
2021-01-10 00:00:00;12.09;2021;1;10;116;-;-;4
2021-01-11 00:00:00;12.31;2021;1;11;117;2021 1 11;2021 1 17;1
2021-01-12 00:00:00;12.51;2021;1;12;117;-;-;1
2021-01-13 00:00:00;12.52;2021;1;13;117;-;-;1
2021-01-14 00:00:00;12.47;2021;1;14;117;-;-;1
2021-01-15 00:00:00;12.22;2021;1;15;117;-;-;1
2021-01-16 00:00:00;12.42;2021;1;16;117;-;-;1
2021-01-17 00:00:00;12.27;2021;1;17;117;-;-;1
2021-01-18 00:00:00;11.91;2021;1;18;118;2021 1 18;2021 1 24;2
2021-01-19 00:00:00;11.86;2021;1;19;118;-;-;2
2021-01-20 00:00:00;11.5;2021;1;20;118;-;-;2
2021-01-21 00:00:00;11.38;2021;1;21;118;-;-;2
2021-01-22 00:00:00;11.5;2021;1;22;118;-;-;2
2021-01-23 00:00:00;11.4;2021;1;23;118;-;-;2
2021-01-24 00:00:00;11.37;2021;1;24;118;-;-;2
2021-01-25 00:00:00;11.24;2021;1;25;119;2021 1 25;2021 1 31;3
2021-01-26 00:00:00;11.17;2021;1;26;119;-;-;3
2021-01-27 00:00:00;11.08;2021;1;27;119;-;-;3
2021-01-28 00:00:00;11.09;2021;1;28;119;-;-;3
2021-01-29 00:00:00;10.92;2021;1;29;119;-;-;3
2021-01-30 00:00:00;11.16;2021;1;30;119;-;-;3
2021-01-31 00:00:00;11.16;2021;1;31;119;-;-;3
2021-02-01 00:00:00;11.02;2021;2;1;120;2021 2 1;2021 2 7;4
2021-02-02 00:00:00;10.93;2021;2;2;120;-;-;4
2021-02-03 00:00:00;11.0;2021;2;3;120;-;-;4
2021-02-04 00:00:00;11.08;2021;2;4;120;-;-;4
2021-02-05 00:00:00;11.08;2021;2;5;120;-;-;4
2021-02-06 00:00:00;11.14;2021;2;6;120;-;-;4
2021-02-07 00:00:00;11.48;2021;2;7;120;-;-;4
2021-02-08 00:00:00;11.22;2021;2;8;121;2021 2 8;2021 2 14;1
2021-02-09 00:00:00;11.24;2021;2;9;121;-;-;1
2021-02-10 00:00:00;11.43;2021;2;10;121;-;-;1
2021-02-11 00:00:00;11.21;2021;2;11;121;-;-;1
2021-02-12 00:00:00;11.16;2021;2;12;121;-;-;1
2021-02-13 00:00:00;11.33;2021;2;13;121;-;-;1
2021-02-14 00:00:00;11.23;2021;2;14;121;-;-;1
2021-02-15 00:00:00;11.28;2021;2;15;122;2021 2 15;2021 2 21;2
2021-02-16 00:00:00;11.18;2021;2;16;122;-;-;2
2021-02-17 00:00:00;11.27;2021;2;17;122;-;-;2
2021-02-18 00:00:00;11.11;2021;2;18;122;-;-;2
2021-02-19 00:00:00;11.14;2021;2;19;122;-;-;2
2021-02-20 00:00:00;11.07;2021;2;20;122;-;-;2
2021-02-21 00:00:00;11.25;2021;2;21;122;-;-;2
2021-02-22 00:00:00;11.53;2021;2;22;123;2021 2 22;2021 2 28;3
2021-02-23 00:00:00;11.56;2021;2;23;123;-;-;3
2021-02-24 00:00:00;11.35;2021;2;24;123;-;-;3
2021-02-25 00:00:00;11.17;2021;2;25;123;-;-;3
2021-02-26 00:00:00;11.24;2021;2;26;123;-;-;3
2021-02-27 00:00:00;11.21;2021;2;27;123;-;-;3
2021-02-28 00:00:00;11.27;2021;2;28;123;-;-;3
2021-03-05 00:00:00;11.17;2021;3;5;125;2021 3 5;2021 3 11;1
2021-03-06 00:00:00;11.3;2021;3;6;125;-;-;1
2021-03-07 00:00:00;11.29;2021;3;7;125;-;-;1
2021-03-08 00:00:00;11.45;2021;3;8;125;-;-;1
2021-03-09 00:00:00;11.63;2021;3;9;125;-;-;1
2021-03-10 00:00:00;11.35;2021;3;10;125;-;-;1
2021-03-11 00:00:00;10.63;2021;3;11;125;-;-;1
2021-03-12 00:00:00;10.82;2021;3;12;126;2021 3 12;2021 3 18;2
2021-03-13 00:00:00;11.01;2021;3;13;126;-;-;2
2021-03-14 00:00:00;10.78;2021;3;14;126;-;-;2
2021-03-15 00:00:00;10.94;2021;3;15;126;-;-;2
2021-03-16 00:00:00;10.82;2021;3;16;126;-;-;2
2021-03-17 00:00:00;10.75;2021;3;17;126;-;-;2
2021-03-18 00:00:00;10.85;2021;3;18;126;-;-;2
2021-03-19 00:00:00;10.87;2021;3;19;127;2021 3 19;2021 3 25;3
2021-03-20 00:00:00;11.02;2021;3;20;127;-;-;3
2021-03-21 00:00:00;11.13;2021;3;21;127;-;-;3
2021-03-22 00:00:00;10.91;2021;3;22;127;-;-;3
2021-03-23 00:00:00;10.74;2021;3;23;127;-;-;3
2021-03-24 00:00:00;10.57;2021;3;24;127;-;-;3
2021-03-25 00:00:00;10.66;2021;3;25;127;-;-;3
2021-03-26 00:00:00;10.63;2021;3;26;128;2021 3 26;2021 4 1;4
2021-03-27 00:00:00;10.78;2021;3;27;128;-;-;4
2021-03-28 00:00:00;10.73;2021;3;28;128;-;-;4
2021-03-29 00:00:00;10.55;2021;3;29;128;-;-;4
2021-03-30 00:00:00;10.37;2021;3;30;128;-;-;4
2021-03-31 00:00:00;10.21;2021;3;31;128;-;-;4
2021-04-01 00:00:00;10.03;2021;4;1;128;-;-;4
2021-04-02 00:00:00;10.11;2021;4;2;129;2021 4 2;2021 4 8;1
2021-04-03 00:00:00;10.27;2021;4;3;129;-;-;1
2021-04-04 00:00:00;10.48;2021;4;4;129;-;-;1
2021-04-05 00:00:00;10.42;2021;4;5;129;-;-;1
2021-04-06 00:00:00;10.48;2021;4;6;129;-;-;1
2021-04-07 00:00:00;10.54;2021;4;7;129;-;-;1
2021-04-08 00:00:00;10.45;2021;4;8;129;-;-;1
2021-04-09 00:00:00;10.22;2021;4;9;130;2021 4 9;2021 4 15;2
2021-04-10 00:00:00;10.11;2021;4;10;130;-;-;2
2021-04-11 00:00:00;10.21;2021;4;11;130;-;-;2
2021-04-12 00:00:00;10.67;2021;4;12;130;-;-;2
2021-04-13 00:00:00;10.62;2021;4;13;130;-;-;2
2021-04-14 00:00:00;10.28;2021;4;14;130;-;-;2
2021-04-15 00:00:00;10.15;2021;4;15;130;-;-;2
2021-04-16 00:00:00;10.28;2021;4;16;131;2021 4 16;2021 4 22;3
2021-04-17 00:00:00;10.47;2021;4;17;131;-;-;3
2021-04-18 00:00:00;10.51;2021;4;18;131;-;-;3
2021-04-19 00:00:00;10.26;2021;4;19;131;-;-;3
2021-04-20 00:00:00;10.33;2021;4;20;131;-;-;3
2021-04-21 00:00:00;10.64;2021;4;21;131;-;-;3
2021-04-22 00:00:00;10.53;2021;4;22;131;-;-;3
2021-04-23 00:00:00;10.49;2021;4;23;132;2021 4 23;2021 4 29;4
2021-04-24 00:00:00;10.33;2021;4;24;132;-;-;4
2021-04-25 00:00:00;10.29;2021;4;25;132;-;-;4
2021-04-26 00:00:00;10.42;2021;4;26;132;-;-;4
2021-04-27 00:00:00;10.39;2021;4;27;132;-;-;4
2021-04-28 00:00:00;10.43;2021;4;28;132;-;-;4
2021-04-29 00:00:00;10.76;2021;4;29;132;-;-;4
2021-04-30 00:00:00;10.94;2021;4;30;133;2021 4 30;2021 5 5;1
2021-4-31 00:00:00;11.04;2021;4;31;133;-;-;1
2021-05-01 00:00:00;11.13;2021;5;1;133;-;-;1
2021-05-02 00:00:00;11.16;2021;5;2;133;-;-;1
2021-05-03 00:00:00;11.02;2021;5;3;133;-;-;1
2021-05-04 00:00:00;10.8;2021;5;4;133;-;-;1
2021-05-05 00:00:00;10.59;2021;5;5;133;-;-;1
2021-05-06 00:00:00;10.66;2021;5;6;134;2021 5 6;2021 5 12;2
2021-05-07 00:00:00;10.54;2021;5;7;134;-;-;2
2021-05-08 00:00:00;10.32;2021;5;8;134;-;-;2
2021-05-09 00:00:00;10.4;2021;5;9;134;-;-;2
2021-05-10 00:00:00;10.77;2021;5;10;134;-;-;2
2021-05-11 00:00:00;11.05;2021;5;11;134;-;-;2
2021-05-12 00:00:00;10.96;2021;5;12;134;-;-;2
2021-05-13 00:00:00;10.9;2021;5;13;135;2021 5 13;2021 5 19;3
2021-05-14 00:00:00;11.01;2021;5;14;135;-;-;3
2021-05-15 00:00:00;10.71;2021;5;15;135;-;-;3
2021-05-16 00:00:00;10.63;2021;5;16;135;-;-;3
2021-05-17 00:00:00;10.88;2021;5;17;135;-;-;3
2021-05-18 00:00:00;10.55;2021;5;18;135;-;-;3
2021-05-19 00:00:00;10.78;2021;5;19;135;-;-;3
2021-05-20 00:00:00;10.63;2021;5;20;136;2021 5 20;2021 5 26;4
2021-05-21 00:00:00;10.37;2021;5;21;136;-;-;4
2021-05-22 00:00:00;10.59;2021;5;22;136;-;-;4
2021-05-23 00:00:00;10.79;2021;5;23;136;-;-;4
2021-05-24 00:00:00;10.57;2021;5;24;136;-;-;4
2021-05-25 00:00:00;10.67;2021;5;25;136;-;-;4
2021-05-26 00:00:00;10.34;2021;5;26;136;-;-;4
2021-05-27 00:00:00;10.21;2021;5;27;137;2021 5 27;2021 6 2;1
2021-05-28 00:00:00;9.97;2021;5;28;137;-;-;1
2021-05-29 00:00:00;9.89;2021;5;29;137;-;-;1
2021-05-30 00:00:00;9.83;2021;5;30;137;-;-;1
2021-05-31 00:00:00;9.75;2021;5;31;137;-;-;1
2021-06-01 00:00:00;9.76;2021;6;1;137;-;-;1
2021-06-02 00:00:00;9.88;2021;6;2;137;-;-;1
2021-06-03 00:00:00;9.99;2021;6;3;138;2021 6 3;2021 6 9;2
2021-06-04 00:00:00;10.3;2021;6;4;138;-;-;2
2021-06-05 00:00:00;10.19;2021;6;5;138;-;-;2
2021-06-06 00:00:00;9.95;2021;6;6;138;-;-;2
2021-06-07 00:00:00;9.89;2021;6;7;138;-;-;2
2021-06-08 00:00:00;9.75;2021;6;8;138;-;-;2
2021-06-09 00:00:00;9.77;2021;6;9;138;-;-;2
2021-06-10 00:00:00;9.77;2021;6;10;139;2021 6 10;2021 6 16;3
2021-06-11 00:00:00;9.65;2021;6;11;139;-;-;3
2021-06-12 00:00:00;9.58;2021;6;12;139;-;-;3
2021-06-13 00:00:00;9.48;2021;6;13;139;-;-;3
2021-06-14 00:00:00;9.47;2021;6;14;139;-;-;3
2021-06-15 00:00:00;9.51;2021;6;15;139;-;-;3
2021-06-16 00:00:00;9.49;2021;6;16;139;-;-;3
2021-06-17 00:00:00;9.83;2021;6;17;140;2021 6 17;2021 6 23;4
2021-06-18 00:00:00;9.99;2021;6;18;140;-;-;4
2021-06-19 00:00:00;10.07;2021;6;19;140;-;-;4
2021-06-20 00:00:00;10.15;2021;6;20;140;-;-;4
2021-06-21 00:00:00;10.42;2021;6;21;140;-;-;4
2021-06-22 00:00:00;10.5;2021;6;22;140;-;-;4
2021-06-23 00:00:00;10.66;2021;6;23;140;-;-;4
2021-06-24 00:00:00;10.56;2021;6;24;141;2021 6 24;2021 6 30;1
2021-06-25 00:00:00;10.22;2021;6;25;141;-;-;1
2021-06-26 00:00:00;10.07;2021;6;26;141;-;-;1
2021-06-27 00:00:00;10.07;2021;6;27;141;-;-;1
2021-06-28 00:00:00;10.46;2021;6;28;141;-;-;1
2021-06-29 00:00:00;10.54;2021;6;29;141;-;-;1
2021-06-30 00:00:00;10.1;2021;6;30;141;-;-;1
2021-6-31 00:00:00;9.96;2021;6;31;142;2021 6 31;2021 7 6;2
2021-07-01 00:00:00;9.82;2021;7;1;142;-;-;2
2021-07-02 00:00:00;9.87;2021;7;2;142;-;-;2
2021-07-03 00:00:00;9.81;2021;7;3;142;-;-;2
2021-07-04 00:00:00;9.85;2021;7;4;142;-;-;2
2021-07-05 00:00:00;9.73;2021;7;5;142;-;-;2
2021-07-06 00:00:00;9.68;2021;7;6;142;-;-;2
2021-07-07 00:00:00;9.99;2021;7;7;143;2021 7 7;2021 7 13;3
2021-07-08 00:00:00;10.13;2021;7;8;143;-;-;3
2021-07-09 00:00:00;9.83;2021;7;9;143;-;-;3
2021-07-10 00:00:00;9.69;2021;7;10;143;-;-;3
2021-07-11 00:00:00;9.52;2021;7;11;143;-;-;3
2021-07-12 00:00:00;9.68;2021;7;12;143;-;-;3
2021-07-13 00:00:00;10.01;2021;7;13;143;-;-;3
2021-07-14 00:00:00;9.86;2021;7;14;144;2021 7 14;2021 7 20;4
2021-07-15 00:00:00;9.72;2021;7;15;144;-;-;4
2021-07-16 00:00:00;9.58;2021;7;16;144;-;-;4
2021-07-17 00:00:00;9.44;2021;7;17;144;-;-;4
2021-07-18 00:00:00;9.32;2021;7;18;144;-;-;4
2021-07-19 00:00:00;9.28;2021;7;19;144;-;-;4
2021-07-20 00:00:00;9.21;2021;7;20;144;-;-;4
2021-07-21 00:00:00;9.13;2021;7;21;145;2021 7 21;2021 7 27;1
2021-07-22 00:00:00;9.09;2021;7;22;145;-;-;1
2021-07-23 00:00:00;9.13;2021;7;23;145;-;-;1
2021-07-24 00:00:00;9.44;2021;7;24;145;-;-;1
2021-07-25 00:00:00;9.51;2021;7;25;145;-;-;1
2021-07-26 00:00:00;9.48;2021;7;26;145;-;-;1
2021-07-27 00:00:00;9.42;2021;7;27;145;-;-;1
2021-07-28 00:00:00;9.47;2021;7;28;146;2021 7 28;2021 8 3;2
2021-07-29 00:00:00;9.24;2021;7;29;146;-;-;2
2021-07-30 00:00:00;9.17;2021;7;30;146;-;-;2
2021-07-31 00:00:00;9.24;2021;7;31;146;-;-;2
2021-08-01 00:00:00;9.4;2021;8;1;146;-;-;2
2021-08-02 00:00:00;9.29;2021;8;2;146;-;-;2
2021-08-03 00:00:00;9.36;2021;8;3;146;-;-;2
2021-08-04 00:00:00;9.26;2021;8;4;147;2021 8 4;2021 8 10;3
2021-08-05 00:00:00;9.19;2021;8;5;147;-;-;3
2021-08-06 00:00:00;9.25;2021;8;6;147;-;-;3
2021-08-07 00:00:00;9.31;2021;8;7;147;-;-;3
2021-08-08 00:00:00;9.48;2021;8;8;147;-;-;3
2021-08-09 00:00:00;9.34;2021;8;9;147;-;-;3
2021-08-10 00:00:00;9.19;2021;8;10;147;-;-;3
2021-08-11 00:00:00;9.04;2021;8;11;148;2021 8 11;2021 8 17;4
2021-08-12 00:00:00;8.93;2021;8;12;148;-;-;4
2021-08-13 00:00:00;8.93;2021;8;13;148;-;-;4
2021-08-14 00:00:00;8.89;2021;8;14;148;-;-;4
2021-08-15 00:00:00;8.88;2021;8;15;148;-;-;4
2021-08-16 00:00:00;8.99;2021;8;16;148;-;-;4
2021-08-17 00:00:00;9.14;2021;8;17;148;-;-;4
2021-08-18 00:00:00;9.2;2021;8;18;149;2021 8 18;2021 8 24;1
2021-08-19 00:00:00;9.13;2021;8;19;149;-;-;1
2021-08-20 00:00:00;9.03;2021;8;20;149;-;-;1
2021-08-21 00:00:00;9.03;2021;8;21;149;-;-;1
2021-08-22 00:00:00;8.99;2021;8;22;149;-;-;1
2021-08-23 00:00:00;8.9;2021;8;23;149;-;-;1
2021-08-24 00:00:00;8.91;2021;8;24;149;-;-;1
2021-08-25 00:00:00;8.9;2021;8;25;150;2021 8 25;2021 8 31;2
2021-08-26 00:00:00;8.82;2021;8;26;150;-;-;2
2021-08-27 00:00:00;8.7;2021;8;27;150;-;-;2
2021-08-28 00:00:00;8.55;2021;8;28;150;-;-;2
2021-08-29 00:00:00;8.53;2021;8;29;150;-;-;2
2021-08-30 00:00:00;8.56;2021;8;30;150;-;-;2
2021-08-31 00:00:00;8.61;2021;8;31;150;-;-;2
2021-09-01 00:00:00;8.71;2021;9;1;151;2021 9 1;2021 9 7;3
2021-09-02 00:00:00;8.81;2021;9;2;151;-;-;3
2021-09-03 00:00:00;8.84;2021;9;3;151;-;-;3
2021-09-04 00:00:00;8.85;2021;9;4;151;-;-;3
2021-09-05 00:00:00;8.87;2021;9;5;151;-;-;3
2021-09-06 00:00:00;8.77;2021;9;6;151;-;-;3
2021-09-07 00:00:00;8.68;2021;9;7;151;-;-;3
2021-09-08 00:00:00;8.77;2021;9;8;152;2021 9 8;2021 9 14;4
2021-09-09 00:00:00;8.81;2021;9;9;152;-;-;4
2021-09-10 00:00:00;8.91;2021;9;10;152;-;-;4
2021-09-11 00:00:00;8.9;2021;9;11;152;-;-;4
2021-09-12 00:00:00;8.9;2021;9;12;152;-;-;4
2021-09-13 00:00:00;8.9;2021;9;13;152;-;-;4
2021-09-14 00:00:00;8.91;2021;9;14;152;-;-;4
2021-09-15 00:00:00;8.88;2021;9;15;153;2021 9 15;2021 9 21;1
2021-09-16 00:00:00;8.97;2021;9;16;153;-;-;1
2021-09-17 00:00:00;9.08;2021;9;17;153;-;-;1
2021-09-18 00:00:00;9.39;2021;9;18;153;-;-;1
2021-09-19 00:00:00;9.51;2021;9;19;153;-;-;1
2021-09-20 00:00:00;9.46;2021;9;20;153;-;-;1
2021-09-21 00:00:00;9.44;2021;9;21;153;-;-;1
2021-09-22 00:00:00;9.47;2021;9;22;154;2021 9 22;2021 9 28;2
2021-09-23 00:00:00;9.45;2021;9;23;154;-;-;2
2021-09-24 00:00:00;9.24;2021;9;24;154;-;-;2
2021-09-25 00:00:00;9.17;2021;9;25;154;-;-;2
2021-09-26 00:00:00;9.2;2021;9;26;154;-;-;2
2021-09-27 00:00:00;9.26;2021;9;27;154;-;-;2
2021-09-28 00:00:00;9.48;2021;9;28;154;-;-;2
2021-09-29 00:00:00;9.68;2021;9;29;155;2021 9 29;2021 10 4;3
2021-09-30 00:00:00;9.71;2021;9;30;155;-;-;3
2021-9-31 00:00:00;9.7;2021;9;31;155;-;-;3
2021-10-01 00:00:00;9.7;2021;10;1;155;-;-;3
2021-10-02 00:00:00;9.59;2021;10;2;155;-;-;3
2021-10-03 00:00:00;9.61;2021;10;3;155;-;-;3
2021-10-04 00:00:00;10.01;2021;10;4;155;-;-;3
2021-10-05 00:00:00;9.87;2021;10;5;156;2021 10 5;2021 10 11;4
2021-10-06 00:00:00;9.91;2021;10;6;156;-;-;4
2021-10-07 00:00:00;9.91;2021;10;7;156;-;-;4
2021-10-08 00:00:00;9.83;2021;10;8;156;-;-;4
2021-10-09 00:00:00;9.81;2021;10;9;156;-;-;4
2021-10-10 00:00:00;9.95;2021;10;10;156;-;-;4
2021-10-11 00:00:00;10.12;2021;10;11;156;-;-;4
2021-10-12 00:00:00;10.36;2021;10;12;157;2021 10 12;2021 10 18;1
2021-10-13 00:00:00;10.43;2021;10;13;157;-;-;1
2021-10-14 00:00:00;10.48;2021;10;14;157;-;-;1
2021-10-15 00:00:00;10.41;2021;10;15;157;-;-;1
2021-10-16 00:00:00;10.3;2021;10;16;157;-;-;1
2021-10-17 00:00:00;10.09;2021;10;17;157;-;-;1
2021-10-18 00:00:00;9.86;2021;10;18;157;-;-;1
2021-10-19 00:00:00;9.76;2021;10;19;158;2021 10 19;2021 10 25;2
2021-10-20 00:00:00;9.63;2021;10;20;158;-;-;2
2021-10-21 00:00:00;9.78;2021;10;21;158;-;-;2
2021-10-22 00:00:00;10.19;2021;10;22;158;-;-;2
2021-10-23 00:00:00;10.34;2021;10;23;158;-;-;2
2021-10-24 00:00:00;10.5;2021;10;24;158;-;-;2
2021-10-25 00:00:00;10.33;2021;10;25;158;-;-;2
2021-10-26 00:00:00;10.44;2021;10;26;159;2021 10 26;2021 11 1;3
2021-10-27 00:00:00;10.56;2021;10;27;159;-;-;3
2021-10-28 00:00:00;10.6;2021;10;28;159;-;-;3
2021-10-29 00:00:00;10.25;2021;10;29;159;-;-;3
2021-10-30 00:00:00;9.99;2021;10;30;159;-;-;3
2021-10-31 00:00:00;9.82;2021;10;31;159;-;-;3
2021-11-01 00:00:00;9.95;2021;11;1;159;-;-;3
2021-11-02 00:00:00;10.08;2021;11;2;160;2021 11 2;2021 11 8;4
2021-11-03 00:00:00;10.37;2021;11;3;160;-;-;4
2021-11-04 00:00:00;10.62;2021;11;4;160;-;-;4
2021-11-05 00:00:00;10.78;2021;11;5;160;-;-;4
2021-11-06 00:00:00;10.92;2021;11;6;160;-;-;4
2021-11-07 00:00:00;11.13;2021;11;7;160;-;-;4
2021-11-08 00:00:00;10.88;2021;11;8;160;-;-;4
2021-11-09 00:00:00;10.59;2021;11;9;161;2021 11 9;2021 11 15;1
2021-11-10 00:00:00;10.77;2021;11;10;161;-;-;1
2021-11-11 00:00:00;10.97;2021;11;11;161;-;-;1
2021-11-12 00:00:00;11.05;2021;11;12;161;-;-;1
2021-11-13 00:00:00;11.05;2021;11;13;161;-;-;1
2021-11-14 00:00:00;11.18;2021;11;14;161;-;-;1
2021-11-15 00:00:00;11.19;2021;11;15;161;-;-;1
2021-11-16 00:00:00;10.96;2021;11;16;162;2021 11 16;2021 11 22;2
2021-11-17 00:00:00;11.01;2021;11;17;162;-;-;2
2021-11-18 00:00:00;11.2;2021;11;18;162;-;-;2
2021-11-19 00:00:00;11.42;2021;11;19;162;-;-;2
2021-11-20 00:00:00;11.35;2021;11;20;162;-;-;2
2021-11-21 00:00:00;11.25;2021;11;21;162;-;-;2
2021-11-22 00:00:00;11.09;2021;11;22;162;-;-;2
2021-11-23 00:00:00;11.03;2021;11;23;163;2021 11 23;2021 11 29;3
2021-11-24 00:00:00;10.97;2021;11;24;163;-;-;3
2021-11-25 00:00:00;11.06;2021;11;25;163;-;-;3
2021-11-26 00:00:00;11.16;2021;11;26;163;-;-;3
2021-11-27 00:00:00;11.26;2021;11;27;163;-;-;3
2021-11-28 00:00:00;11.72;2021;11;28;163;-;-;3
2021-11-29 00:00:00;11.28;2021;11;29;163;-;-;3
2021-11-30 00:00:00;11.33;2021;11;30;164;2021 11 30;2021 12 5;4
2021-11-31 00:00:00;11.16;2021;11;31;164;-;-;4
2021-12-01 00:00:00;10.98;2021;12;1;164;-;-;4
2021-12-02 00:00:00;11.31;2021;12;2;164;-;-;4
2021-12-03 00:00:00;11.2;2021;12;3;164;-;-;4
2021-12-04 00:00:00;10.97;2021;12;4;164;-;-;4
2021-12-05 00:00:00;11.22;2021;12;5;164;-;-;4
2021-12-06 00:00:00;11.14;2021;12;6;165;2021 12 6;2021 12 12;1
2021-12-07 00:00:00;10.96;2021;12;7;165;-;-;1
2021-12-08 00:00:00;11.58;2021;12;8;165;-;-;1
2021-12-09 00:00:00;11.31;2021;12;9;165;-;-;1
2021-12-10 00:00:00;11.04;2021;12;10;165;-;-;1
2021-12-11 00:00:00;11.03;2021;12;11;165;-;-;1
2021-12-12 00:00:00;11.23;2021;12;12;165;-;-;1
2021-12-13 00:00:00;11.24;2021;12;13;166;2021 12 13;2021 12 19;2
2021-12-14 00:00:00;11.34;2021;12;14;166;-;-;2
2021-12-15 00:00:00;11.34;2021;12;15;166;-;-;2
2021-12-16 00:00:00;11.3;2021;12;16;166;-;-;2
2021-12-17 00:00:00;11.41;2021;12;17;166;-;-;2
2021-12-18 00:00:00;11.58;2021;12;18;166;-;-;2
2021-12-19 00:00:00;11.51;2021;12;19;166;-;-;2
2021-12-20 00:00:00;11.35;2021;12;20;167;2021 12 20;2021 12 26;3
2021-12-21 00:00:00;10.89;2021;12;21;167;-;-;3
2021-12-22 00:00:00;10.63;2021;12;22;167;-;-;3
2021-12-23 00:00:00;10.7;2021;12;23;167;-;-;3
2021-12-24 00:00:00;10.83;2021;12;24;167;-;-;3
2021-12-25 00:00:00;10.79;2021;12;25;167;-;-;3
2021-12-26 00:00:00;10.76;2021;12;26;167;-;-;3
2021-12-27 00:00:00;10.73;2021;12;27;168;2021 12 27;2022 1 2;4
2021-12-28 00:00:00;10.68;2021;12;28;168;-;-;4
2021-12-29 00:00:00;10.7;2021;12;29;168;-;-;4
2021-12-30 00:00:00;10.93;2021;12;30;168;-;-;4
2021-12-31 00:00:00;11.11;2021;12;31;168;-;-;4
2022-01-01 00:00:00;11.0;2022;1;1;168;-;-;4
2022-01-02 00:00:00;10.79;2022;1;2;168;-;-;4
2022-01-03 00:00:00;10.96;2022;1;3;169;2022 1 3;2022 1 9;1
2022-01-04 00:00:00;10.76;2022;1;4;169;-;-;1
2022-01-05 00:00:00;11.21;2022;1;5;169;-;-;1
2022-01-06 00:00:00;11.21;2022;1;6;169;-;-;1
2022-01-07 00:00:00;11.18;2022;1;7;169;-;-;1
2022-01-08 00:00:00;11.49;2022;1;8;169;-;-;1
2022-01-09 00:00:00;10.95;2022;1;9;169;-;-;1
2022-01-10 00:00:00;10.84;2022;1;10;170;2022 1 10;2022 1 16;2
2022-01-11 00:00:00;11.17;2022;1;11;170;-;-;2
2022-01-12 00:00:00;11.28;2022;1;12;170;-;-;2
2022-01-13 00:00:00;11.64;2022;1;13;170;-;-;2
2022-01-14 00:00:00;11.89;2022;1;14;170;-;-;2
2022-01-15 00:00:00;11.96;2022;1;15;170;-;-;2
2022-01-16 00:00:00;11.83;2022;1;16;170;-;-;2
2022-01-17 00:00:00;11.65;2022;1;17;171;2022 1 17;2022 1 23;3
2022-01-18 00:00:00;11.65;2022;1;18;171;-;-;3
2022-01-19 00:00:00;11.8;2022;1;19;171;-;-;3
2022-01-20 00:00:00;11.66;2022;1;20;171;-;-;3
2022-01-21 00:00:00;11.7;2022;1;21;171;-;-;3
2022-01-22 00:00:00;11.93;2022;1;22;171;-;-;3
2022-01-23 00:00:00;11.95;2022;1;23;171;-;-;3
2022-01-24 00:00:00;11.94;2022;1;24;172;2022 1 24;2022 1 30;4
2022-01-25 00:00:00;11.94;2022;1;25;172;-;-;4
2022-01-26 00:00:00;11.93;2022;1;26;172;-;-;4
2022-01-27 00:00:00;11.91;2022;1;27;172;-;-;4
2022-01-28 00:00:00;12.02;2022;1;28;172;-;-;4
2022-01-29 00:00:00;12.12;2022;1;29;172;-;-;4
2022-01-30 00:00:00;11.92;2022;1;30;172;-;-;4
2022-01-31 00:00:00;12.0;2022;1;31;173;2022 1 31;2022 2 6;1
2022-02-01 00:00:00;11.7;2022;2;1;173;-;-;1
2022-02-02 00:00:00;11.61;2022;2;2;173;-;-;1
2022-02-03 00:00:00;11.46;2022;2;3;173;-;-;1
2022-02-04 00:00:00;11.38;2022;2;4;173;-;-;1
2022-02-05 00:00:00;11.35;2022;2;5;173;-;-;1
2022-02-06 00:00:00;11.71;2022;2;6;173;-;-;1
2022-02-07 00:00:00;11.81;2022;2;7;174;2022 2 7;2022 2 13;2
2022-02-08 00:00:00;11.83;2022;2;8;174;-;-;2
2022-02-09 00:00:00;11.75;2022;2;9;174;-;-;2
2022-02-10 00:00:00;11.49;2022;2;10;174;-;-;2
2022-02-11 00:00:00;11.03;2022;2;11;174;-;-;2
2022-02-12 00:00:00;10.93;2022;2;12;174;-;-;2
2022-02-13 00:00:00;11.19;2022;2;13;174;-;-;2
2022-02-14 00:00:00;11.41;2022;2;14;175;2022 2 14;2022 2 20;3
2022-02-15 00:00:00;11.7;2022;2;15;175;-;-;3
2022-02-16 00:00:00;11.3;2022;2;16;175;-;-;3
2022-02-17 00:00:00;11.19;2022;2;17;175;-;-;3
2022-02-18 00:00:00;11.18;2022;2;18;175;-;-;3
2022-02-19 00:00:00;11.47;2022;2;19;175;-;-;3
2022-02-20 00:00:00;11.72;2022;2;20;175;-;-;3
2022-02-21 00:00:00;11.54;2022;2;21;176;2022 2 21;2022 2 27;4
2022-02-22 00:00:00;11.67;2022;2;22;176;-;-;4
2022-02-23 00:00:00;11.62;2022;2;23;176;-;-;4
2022-02-24 00:00:00;11.5;2022;2;24;176;-;-;4
2022-02-25 00:00:00;11.7;2022;2;25;176;-;-;4
2022-02-26 00:00:00;11.92;2022;2;26;176;-;-;4
2022-02-27 00:00:00;11.5;2022;2;27;176;-;-;4
2022-03-04 00:00:00;10.68;2022;3;4;178;2022 3 4;2022 3 10;2
2022-03-05 00:00:00;10.94;2022;3;5;178;-;-;2
2022-03-06 00:00:00;10.97;2022;3;6;178;-;-;2
2022-03-07 00:00:00;10.89;2022;3;7;178;-;-;2
2022-03-08 00:00:00;10.79;2022;3;8;178;-;-;2
2022-03-09 00:00:00;10.77;2022;3;9;178;-;-;2
2022-03-10 00:00:00;10.59;2022;3;10;178;-;-;2
2022-03-11 00:00:00;10.43;2022;3;11;179;2022 3 11;2022 3 17;3
2022-03-12 00:00:00;10.82;2022;3;12;179;-;-;3
2022-03-13 00:00:00;10.69;2022;3;13;179;-;-;3
2022-03-14 00:00:00;10.61;2022;3;14;179;-;-;3
2022-03-15 00:00:00;10.26;2022;3;15;179;-;-;3
2022-03-16 00:00:00;10.16;2022;3;16;179;-;-;3
2022-03-17 00:00:00;10.44;2022;3;17;179;-;-;3
2022-03-18 00:00:00;10.66;2022;3;18;180;2022 3 18;2022 3 24;4
2022-03-19 00:00:00;10.29;2022;3;19;180;-;-;4
2022-03-20 00:00:00;10.33;2022;3;20;180;-;-;4
2022-03-21 00:00:00;10.11;2022;3;21;180;-;-;4
2022-03-22 00:00:00;10.05;2022;3;22;180;-;-;4
2022-03-23 00:00:00;10.12;2022;3;23;180;-;-;4
2022-03-24 00:00:00;10.22;2022;3;24;180;-;-;4
2022-03-25 00:00:00;9.97;2022;3;25;181;2022 3 25;2022 3 31;1
2022-03-26 00:00:00;9.88;2022;3;26;181;-;-;1
2022-03-27 00:00:00;9.87;2022;3;27;181;-;-;1
2022-03-28 00:00:00;9.85;2022;3;28;181;-;-;1
2022-03-29 00:00:00;10.19;2022;3;29;181;-;-;1
2022-03-30 00:00:00;10.89;2022;3;30;181;-;-;1
2022-03-31 00:00:00;11.17;2022;3;31;181;-;-;1
2022-04-01 00:00:00;11.4;2022;4;1;182;2022 4 1;2022 4 7;2
2022-04-02 00:00:00;11.6;2022;4;2;182;-;-;2
2022-04-03 00:00:00;11.56;2022;4;3;182;-;-;2
2022-04-04 00:00:00;11.66;2022;4;4;182;-;-;2
2022-04-05 00:00:00;11.54;2022;4;5;182;-;-;2
2022-04-06 00:00:00;11.3;2022;4;6;182;-;-;2
2022-04-07 00:00:00;11.16;2022;4;7;182;-;-;2
2022-04-08 00:00:00;10.93;2022;4;8;183;2022 4 8;2022 4 14;3
2022-04-09 00:00:00;10.89;2022;4;9;183;-;-;3
2022-04-10 00:00:00;10.72;2022;4;10;183;-;-;3
2022-04-11 00:00:00;10.47;2022;4;11;183;-;-;3
2022-04-12 00:00:00;10.71;2022;4;12;183;-;-;3
2022-04-13 00:00:00;10.74;2022;4;13;183;-;-;3
2022-04-14 00:00:00;10.69;2022;4;14;183;-;-;3
2022-04-15 00:00:00;10.53;2022;4;15;184;2022 4 15;2022 4 21;4
2022-04-16 00:00:00;10.34;2022;4;16;184;-;-;4
2022-04-17 00:00:00;10.29;2022;4;17;184;-;-;4
2022-04-18 00:00:00;10.52;2022;4;18;184;-;-;4
2022-04-19 00:00:00;10.73;2022;4;19;184;-;-;4
2022-04-20 00:00:00;11.12;2022;4;20;184;-;-;4
2022-04-21 00:00:00;11.32;2022;4;21;184;-;-;4
2022-04-22 00:00:00;10.97;2022;4;22;185;2022 4 22;2022 4 28;1
2022-04-23 00:00:00;11.2;2022;4;23;185;-;-;1
2022-04-24 00:00:00;11.34;2022;4;24;185;-;-;1
2022-04-25 00:00:00;11.18;2022;4;25;185;-;-;1
2022-04-26 00:00:00;10.94;2022;4;26;185;-;-;1
2022-04-27 00:00:00;10.94;2022;4;27;185;-;-;1
2022-04-28 00:00:00;11.07;2022;4;28;185;-;-;1
2022-04-29 00:00:00;10.52;2022;4;29;186;2022 4 29;2022 5 4;2
2022-04-30 00:00:00;9.96;2022;4;30;186;-;-;2
2022-4-31 00:00:00;9.91;2022;4;31;186;-;-;2
2022-05-01 00:00:00;9.86;2022;5;1;186;-;-;2
2022-05-02 00:00:00;9.95;2022;5;2;186;-;-;2
2022-05-03 00:00:00;10.16;2022;5;3;186;-;-;2
2022-05-04 00:00:00;10.05;2022;5;4;186;-;-;2
2022-05-05 00:00:00;10.01;2022;5;5;187;2022 5 5;2022 5 11;3
2022-05-06 00:00:00;9.97;2022;5;6;187;-;-;3
2022-05-07 00:00:00;9.9;2022;5;7;187;-;-;3
2022-05-08 00:00:00;9.8;2022;5;8;187;-;-;3
2022-05-09 00:00:00;9.73;2022;5;9;187;-;-;3
2022-05-10 00:00:00;9.65;2022;5;10;187;-;-;3
2022-05-11 00:00:00;9.7;2022;5;11;187;-;-;3
2022-05-12 00:00:00;9.83;2022;5;12;188;2022 5 12;2022 5 18;4
2022-05-13 00:00:00;9.95;2022;5;13;188;-;-;4
2022-05-14 00:00:00;9.77;2022;5;14;188;-;-;4
2022-05-15 00:00:00;9.64;2022;5;15;188;-;-;4
2022-05-16 00:00:00;9.7;2022;5;16;188;-;-;4
2022-05-17 00:00:00;9.67;2022;5;17;188;-;-;4
2022-05-18 00:00:00;9.65;2022;5;18;188;-;-;4
2022-05-19 00:00:00;9.5;2022;5;19;189;2022 5 19;2022 5 25;1
2022-05-20 00:00:00;9.38;2022;5;20;189;-;-;1
2022-05-21 00:00:00;9.31;2022;5;21;189;-;-;1
2022-05-22 00:00:00;9.38;2022;5;22;189;-;-;1
2022-05-23 00:00:00;9.57;2022;5;23;189;-;-;1
2022-05-24 00:00:00;9.99;2022;5;24;189;-;-;1
2022-05-25 00:00:00;10.08;2022;5;25;189;-;-;1
2022-05-26 00:00:00;9.81;2022;5;26;190;2022 5 26;2022 6 1;2
2022-05-27 00:00:00;9.61;2022;5;27;190;-;-;2
2022-05-28 00:00:00;9.52;2022;5;28;190;-;-;2
2022-05-29 00:00:00;9.41;2022;5;29;190;-;-;2
2022-05-30 00:00:00;9.48;2022;5;30;190;-;-;2
2022-05-31 00:00:00;9.8;2022;5;31;190;-;-;2
2022-06-01 00:00:00;9.57;2022;6;1;190;-;-;2
2022-06-02 00:00:00;9.69;2022;6;2;191;2022 6 2;2022 6 8;3
2022-06-03 00:00:00;9.72;2022;6;3;191;-;-;3
2022-06-04 00:00:00;9.81;2022;6;4;191;-;-;3
2022-06-05 00:00:00;9.87;2022;6;5;191;-;-;3
2022-06-06 00:00:00;9.82;2022;6;6;191;-;-;3
2022-06-07 00:00:00;9.77;2022;6;7;191;-;-;3
2022-06-08 00:00:00;9.5;2022;6;8;191;-;-;3
2022-06-09 00:00:00;9.48;2022;6;9;192;2022 6 9;2022 6 15;4
2022-06-10 00:00:00;9.25;2022;6;10;192;-;-;4
2022-06-11 00:00:00;9.1;2022;6;11;192;-;-;4
2022-06-12 00:00:00;8.95;2022;6;12;192;-;-;4
2022-06-13 00:00:00;8.88;2022;6;13;192;-;-;4
2022-06-14 00:00:00;8.83;2022;6;14;192;-;-;4
2022-06-15 00:00:00;8.99;2022;6;15;192;-;-;4
2022-06-16 00:00:00;9.1;2022;6;16;193;2022 6 16;2022 6 22;1
2022-06-17 00:00:00;9.33;2022;6;17;193;-;-;1
2022-06-18 00:00:00;9.31;2022;6;18;193;-;-;1
2022-06-19 00:00:00;9.17;2022;6;19;193;-;-;1
2022-06-20 00:00:00;9.62;2022;6;20;193;-;-;1
2022-06-21 00:00:00;9.73;2022;6;21;193;-;-;1
2022-06-22 00:00:00;9.79;2022;6;22;193;-;-;1
2022-06-23 00:00:00;9.79;2022;6;23;194;2022 6 23;2022 6 29;2
2022-06-24 00:00:00;10.02;2022;6;24;194;-;-;2
2022-06-25 00:00:00;9.98;2022;6;25;194;-;-;2
2022-06-26 00:00:00;10.23;2022;6;26;194;-;-;2
2022-06-27 00:00:00;10.4;2022;6;27;194;-;-;2
2022-06-28 00:00:00;9.92;2022;6;28;194;-;-;2
2022-06-29 00:00:00;9.74;2022;6;29;194;-;-;2
2022-06-30 00:00:00;9.86;2022;6;30;195;2022 6 30;2022 7 5;3
2022-6-31 00:00:00;9.88;2022;6;31;195;-;-;3
2022-07-01 00:00:00;9.89;2022;7;1;195;-;-;3
2022-07-02 00:00:00;9.81;2022;7;2;195;-;-;3
2022-07-03 00:00:00;9.93;2022;7;3;195;-;-;3
2022-07-04 00:00:00;9.42;2022;7;4;195;-;-;3
2022-07-05 00:00:00;9.26;2022;7;5;195;-;-;3
2022-07-06 00:00:00;9.27;2022;7;6;196;2022 7 6;2022 7 12;4
2022-07-07 00:00:00;9.21;2022;7;7;196;-;-;4
2022-07-08 00:00:00;9.12;2022;7;8;196;-;-;4
2022-07-09 00:00:00;8.99;2022;7;9;196;-;-;4
2022-07-10 00:00:00;8.87;2022;7;10;196;-;-;4
2022-07-11 00:00:00;8.78;2022;7;11;196;-;-;4
2022-07-12 00:00:00;8.75;2022;7;12;196;-;-;4
2022-07-13 00:00:00;8.79;2022;7;13;197;2022 7 13;2022 7 19;1
2022-07-14 00:00:00;8.72;2022;7;14;197;-;-;1
2022-07-15 00:00:00;8.69;2022;7;15;197;-;-;1
2022-07-16 00:00:00;8.65;2022;7;16;197;-;-;1
2022-07-17 00:00:00;8.58;2022;7;17;197;-;-;1
2022-07-18 00:00:00;8.62;2022;7;18;197;-;-;1
2022-07-19 00:00:00;8.85;2022;7;19;197;-;-;1
2022-07-20 00:00:00;9.11;2022;7;20;198;2022 7 20;2022 7 26;2
2022-07-21 00:00:00;9.08;2022;7;21;198;-;-;2
2022-07-22 00:00:00;8.92;2022;7;22;198;-;-;2
2022-07-23 00:00:00;9.1;2022;7;23;198;-;-;2
2022-07-24 00:00:00;9.0;2022;7;24;198;-;-;2
2022-07-25 00:00:00;8.75;2022;7;25;198;-;-;2
2022-07-26 00:00:00;8.93;2022;7;26;198;-;-;2
2022-07-27 00:00:00;8.95;2022;7;27;199;2022 7 27;2022 8 2;3
2022-07-28 00:00:00;9.05;2022;7;28;199;-;-;3
2022-07-29 00:00:00;9.04;2022;7;29;199;-;-;3
2022-07-30 00:00:00;8.8;2022;7;30;199;-;-;3
2022-07-31 00:00:00;8.66;2022;7;31;199;-;-;3
2022-08-01 00:00:00;8.58;2022;8;1;199;-;-;3
2022-08-02 00:00:00;8.48;2022;8;2;199;-;-;3
2022-08-03 00:00:00;8.45;2022;8;3;200;2022 8 3;2022 8 9;4
2022-08-04 00:00:00;8.62;2022;8;4;200;-;-;4
2022-08-05 00:00:00;8.51;2022;8;5;200;-;-;4
2022-08-06 00:00:00;8.47;2022;8;6;200;-;-;4
2022-08-07 00:00:00;8.47;2022;8;7;200;-;-;4
2022-08-08 00:00:00;8.43;2022;8;8;200;-;-;4
2022-08-09 00:00:00;8.58;2022;8;9;200;-;-;4
2022-08-10 00:00:00;8.83;2022;8;10;201;2022 8 10;2022 8 16;1
2022-08-11 00:00:00;8.83;2022;8;11;201;-;-;1
2022-08-12 00:00:00;8.82;2022;8;12;201;-;-;1
2022-08-13 00:00:00;8.81;2022;8;13;201;-;-;1
2022-08-14 00:00:00;8.92;2022;8;14;201;-;-;1
2022-08-15 00:00:00;9.14;2022;8;15;201;-;-;1
2022-08-16 00:00:00;9.33;2022;8;16;201;-;-;1
2022-08-17 00:00:00;9.65;2022;8;17;202;2022 8 17;2022 8 23;2
2022-08-18 00:00:00;9.88;2022;8;18;202;-;-;2
2022-08-19 00:00:00;9.67;2022;8;19;202;-;-;2
2022-08-20 00:00:00;9.45;2022;8;20;202;-;-;2
2022-08-21 00:00:00;9.32;2022;8;21;202;-;-;2
2022-08-22 00:00:00;9.27;2022;8;22;202;-;-;2
2022-08-23 00:00:00;9.09;2022;8;23;202;-;-;2
2022-08-24 00:00:00;8.94;2022;8;24;203;2022 8 24;2022 8 30;3
2022-08-25 00:00:00;9.12;2022;8;25;203;-;-;3
2022-08-26 00:00:00;9.06;2022;8;26;203;-;-;3
2022-08-27 00:00:00;9.01;2022;8;27;203;-;-;3
2022-08-28 00:00:00;9.04;2022;8;28;203;-;-;3
2022-08-29 00:00:00;9.19;2022;8;29;203;-;-;3
2022-08-30 00:00:00;9.32;2022;8;30;203;-;-;3
2022-08-31 00:00:00;9.32;2022;8;31;204;2022 8 31;-;4
